City_ID,City,Lat,Lng,Max Temp,Humidity,Cloudiness,Wind Speed,Country,Date
0,Vaini,-21.2,-175.2,297.15,94,20,3.1,TO,2020-08-22 20:12:03
1,Portland,45.52,-122.68,297.59,60,75,3.6,US,2020-08-22 20:10:46
2,Chuy,-33.7,-53.46,286.15,57,0,2.4,UY,2020-08-22 20:12:04
3,Nanortalik,60.14,-45.24,282.04,69,12,1.39,GL,2020-08-22 20:12:05
4,Airai,-8.93,125.41,287.57,39,46,1.66,TL,2020-08-22 20:07:52
5,Uyuni,-20.46,-66.83,284.88,28,2,11.67,BO,2020-08-22 20:12:06
6,Barrow,71.29,-156.79,279.15,87,90,10.3,US,2020-08-22 20:12:07
7,San Cristobal,7.77,-72.22,307.15,36,40,9.3,VE,2020-08-22 20:10:34
8,Singaraja,-8.11,115.09,298.55,70,12,1.46,ID,2020-08-22 20:10:06
9,Ushuaia,-54.8,-68.3,280.15,83,40,7.7,AR,2020-08-22 20:10:32
10,Coihaique,-45.58,-72.07,283.15,66,75,4.6,CL,2020-08-22 20:12:08
11,Borba,-4.39,-59.59,309.45,23,0,0.66,BR,2020-08-22 20:12:09
12,Mataura,-46.19,168.86,277.59,98,97,0.45,NZ,2020-08-22 20:12:09
13,Hamilton,39.18,-84.53,300.93,69,40,2.6,US,2020-08-22 20:11:55
14,Castro,-24.79,-50.01,283.45,74,82,3.68,BR,2020-08-22 20:07:31
15,Cap Malheureux,-19.98,57.61,293.71,77,3,1.34,MU,2020-08-22 20:12:11
16,Abu Kamal,34.45,40.92,302.3,24,0,7.24,SY,2020-08-22 20:12:12
17,Kapaa,22.08,-159.32,302.15,66,1,6.7,US,2020-08-22 20:10:34
18,Nishihara,26.18,127.76,299.15,88,75,3.1,JP,2020-08-22 20:12:13
19,Jamestown,42.1,-79.24,302.04,47,75,3.6,US,2020-08-22 20:12:13
20,Cockburn Town,21.46,-71.14,302.06,81,97,10.41,TC,2020-08-22 20:07:56
21,Saskylakh,71.92,114.08,274.91,86,5,2.1,RU,2020-08-22 20:12:05
22,Port Elizabeth,-33.92,25.57,288.15,72,0,2.1,ZA,2020-08-22 20:10:21
23,Avera,33.19,-82.53,301.15,78,40,4.1,US,2020-08-22 20:11:46
24,Dikson,73.51,80.55,281.95,75,93,3.9,RU,2020-08-22 20:12:16
25,Clyde River,70.47,-68.59,283.29,69,99,3.22,CA,2020-08-22 20:12:16
26,Hithadhoo,-0.6,73.08,301.4,81,17,6.54,MV,2020-08-22 20:11:13
27,Rikitea,-23.12,-134.97,292.55,71,68,8.24,PF,2020-08-22 20:12:17
28,Avarua,-21.21,-159.78,297.15,73,14,3.1,CK,2020-08-22 20:12:18
29,Lata,40.16,-8.33,294.26,73,0,2.24,PT,2020-08-22 20:07:27
30,Buta,2.79,24.73,295.25,97,100,1.36,CD,2020-08-22 20:12:19
31,Floro,61.6,5.03,288.15,87,100,8.2,NO,2020-08-22 20:12:19
32,Yambio,4.57,28.4,293.85,95,76,0.87,SS,2020-08-22 20:12:20
33,Carnarvon,-24.87,113.63,292.15,68,99,4.1,AU,2020-08-22 20:07:23
34,Hobart,-42.88,147.33,281.15,81,75,8.7,AU,2020-08-22 20:12:21
35,Guiratinga,-16.35,-53.76,302.07,32,23,3.53,BR,2020-08-22 20:12:22
36,Kalemie,-5.95,29.19,295.25,57,62,1.19,CD,2020-08-22 20:12:22
37,Uyemskiy,64.47,40.85,287.15,100,20,2.0,RU,2020-08-22 20:12:23
38,Tornio,65.85,24.15,291.15,88,40,6.2,FI,2020-08-22 20:12:23
39,Praia Da Vitoria,38.73,-27.07,297.15,73,20,2.26,PT,2020-08-22 20:10:48
40,Lahan,26.73,86.5,298.75,84,87,1.51,NP,2020-08-22 20:12:24
41,Kavieng,-2.57,150.8,300.7,72,1,0.74,PG,2020-08-22 20:12:25
42,Lompoc,34.64,-120.46,302.04,54,1,5.1,US,2020-08-22 20:07:46
43,General Cepeda,25.38,-101.45,304.15,35,40,4.1,MX,2020-08-22 20:12:25
44,Old Saybrook,41.29,-72.38,305.37,48,1,3.6,US,2020-08-22 20:12:26
45,Musoma,-1.5,33.8,297.15,78,100,4.42,TZ,2020-08-22 20:12:27
46,Puerto Ayora,-0.74,-90.35,297.15,60,84,7.7,EC,2020-08-22 20:12:27
47,Khani,41.96,42.96,292.15,93,90,0.5,GE,2020-08-22 20:12:28
48,Oron,4.83,8.23,297.23,93,90,2.1,NG,2020-08-22 20:12:28
49,Kiunga,-6.12,141.29,294.91,98,69,0.55,PG,2020-08-22 20:12:28
50,Walvis Bay,-22.96,14.51,295.37,20,0,5.44,NA,2020-08-22 20:12:29
51,Amga,60.9,131.96,276.14,79,0,0.85,RU,2020-08-22 20:12:30
52,Christchurch,-43.53,172.63,283.71,100,100,2.6,NZ,2020-08-22 20:12:31
53,Nikolskoye,59.7,30.79,291.15,68,20,3.0,RU,2020-08-22 20:12:31
54,Kruisfontein,-34.0,24.73,284.82,77,0,0.45,ZA,2020-08-22 20:12:32
55,Chokurdakh,70.63,147.92,274.1,95,98,3.07,RU,2020-08-22 20:12:32
56,Srikakulam,18.3,83.9,300.06,88,64,4.72,IN,2020-08-22 20:12:33
57,Severo-Kurilsk,50.68,156.12,283.36,88,53,4.96,RU,2020-08-22 20:12:33
58,Taoudenni,22.68,-3.98,315.71,7,17,5.31,ML,2020-08-22 20:12:34
59,Sabha,27.04,14.43,301.82,19,0,3.65,LY,2020-08-22 20:09:05
60,Cayenne,4.93,-52.33,304.15,55,7,1.0,GF,2020-08-22 20:12:35
61,Punta Arenas,-53.15,-70.92,281.15,65,40,10.3,CL,2020-08-22 20:12:36
62,Batemans Bay,-35.72,150.18,275.37,77,38,0.45,AU,2020-08-22 20:07:59
63,Port Alfred,-33.59,26.89,289.6,62,0,3.33,ZA,2020-08-22 20:08:03
64,Chyhyryn,49.08,32.66,291.44,65,0,3.33,UA,2020-08-22 20:12:38
65,Mount Gambier,-37.83,140.77,280.15,87,75,5.7,AU,2020-08-22 20:12:38
66,Pangnirtung,66.15,-65.71,283.15,76,20,4.1,CA,2020-08-22 20:11:31
67,Padang,-0.95,100.35,298.66,79,100,1.64,ID,2020-08-22 20:12:39
68,Opuwo,-18.06,13.84,286.63,39,5,1.32,NA,2020-08-22 20:07:58
69,Marzuq,14.4,46.47,301.92,46,46,2.72,YE,2020-08-22 20:12:40
70,Saint-Philippe,-21.36,55.77,292.15,63,33,3.1,RE,2020-08-22 20:12:41
71,Provideniya,64.38,-173.3,283.08,90,100,2.49,RU,2020-08-22 20:12:41
72,Pahrump,36.21,-115.98,312.59,23,97,2.24,US,2020-08-22 20:12:42
73,Goba,7.02,39.98,284.28,87,89,2.04,ET,2020-08-22 20:12:42
74,Mahebourg,-20.41,57.7,294.15,88,75,5.7,MU,2020-08-22 20:12:43
75,Awjilah,29.11,21.29,300.73,51,0,7.9,LY,2020-08-22 20:12:43
76,Rongcheng,30.63,117.85,297.99,89,0,0.48,CN,2020-08-22 20:12:44
77,Khatanga,71.97,102.5,281.89,77,0,3.14,RU,2020-08-22 20:10:54
78,Bluff,-46.6,168.33,277.59,98,100,0.45,NZ,2020-08-22 20:12:45
79,Ketchikan,55.34,-131.65,287.15,93,90,5.1,US,2020-08-22 20:12:46
80,Cape Town,-33.93,18.42,286.48,93,1,2.1,ZA,2020-08-22 20:12:46
81,Conde,-7.26,-34.91,299.15,78,75,6.7,BR,2020-08-22 20:12:47
82,Kutum,14.2,24.67,297.39,69,98,1.32,SD,2020-08-22 20:12:47
83,Yellowknife,62.46,-114.35,287.59,71,75,7.2,CA,2020-08-22 20:12:47
84,Victoria,22.29,114.16,300.93,74,20,1.44,HK,2020-08-22 20:08:12
85,Atar,20.52,-13.05,314.15,11,96,2.88,MR,2020-08-22 20:12:49
86,Codrington,-38.27,141.97,281.22,82,32,7.18,AU,2020-08-22 20:12:49
87,Constitucion,-35.33,-72.42,287.56,76,0,5.7,CL,2020-08-22 20:12:50
88,Luz,-19.8,-45.69,289.18,78,100,1.59,BR,2020-08-22 20:12:51
89,Matagami,49.75,-77.63,295.15,60,20,1.88,CA,2020-08-22 20:12:52
90,Vostok,46.49,135.88,283.52,91,100,1.6,RU,2020-08-22 20:12:52
91,Arraial Do Cabo,-22.97,-42.03,293.15,60,75,5.7,BR,2020-08-22 20:12:52
92,Otane,-39.88,176.63,280.37,95,93,0.89,NZ,2020-08-22 20:12:53
93,Tasiilaq,65.61,-37.64,282.15,59,20,4.6,GL,2020-08-22 20:11:05
94,Busselton,-33.65,115.33,283.15,85,69,5.01,AU,2020-08-22 20:12:54
95,Butaritari,3.07,172.79,301.36,63,100,2.56,KI,2020-08-22 20:12:54
96,Markova,48.68,24.41,292.15,93,0,1.5,UA,2020-08-22 20:12:55
97,Komsomolskiy,40.43,71.72,296.15,43,0,3.1,UZ,2020-08-22 20:12:57
98,Bengkulu,-3.8,102.27,297.43,89,74,1.92,ID,2020-08-22 20:12:57
99,Dunkwa,5.97,-1.78,296.39,90,53,2.09,GH,2020-08-22 20:12:58
100,Anuradhapura,8.36,80.42,298.41,83,94,3.28,LK,2020-08-22 20:12:58
101,Hilo,19.73,-155.09,301.15,69,20,2.6,US,2020-08-22 20:12:59
102,Esperance,-33.87,121.9,283.15,87,40,5.7,AU,2020-08-22 20:13:00
103,Roma,43.21,-75.46,301.15,58,20,4.6,US,2020-08-22 20:10:28
104,Hermanus,-34.42,19.23,287.59,85,4,0.89,ZA,2020-08-22 20:13:02
105,Zhob,31.34,69.45,299.47,61,2,2.96,PK,2020-08-22 20:09:19
106,Luderitz,-26.65,15.16,292.7,25,0,3.78,NA,2020-08-22 20:13:03
107,Falun,60.6,15.63,290.15,77,0,3.1,SE,2020-08-22 20:13:03
108,Ancud,-41.87,-73.82,286.48,87,40,7.2,CL,2020-08-22 20:13:04
109,Gao,16.64,1.64,307.96,35,41,1.77,ML,2020-08-22 20:13:04
110,Souillac,-20.52,57.52,294.15,88,75,5.7,MU,2020-08-22 20:13:05
111,Bethel,41.37,-73.41,306.48,40,1,3.6,US,2020-08-22 20:13:05
112,Lander,42.83,-108.73,305.15,14,1,2.6,US,2020-08-22 20:13:06
113,Berlevag,70.86,29.09,289.07,75,76,8.37,NO,2020-08-22 20:13:06
114,Tiksi,71.69,128.87,277.63,91,100,2.3,RU,2020-08-22 20:13:07
115,Pronsk,54.1,39.61,283.15,71,1,1.01,RU,2020-08-22 20:13:07
116,Bredasdorp,-34.53,20.04,287.15,82,0,5.1,ZA,2020-08-22 20:13:08
117,Colares,38.8,-9.45,294.26,72,20,8.2,PT,2020-08-22 20:13:09
118,Colac,-38.33,143.58,278.71,98,76,3.47,AU,2020-08-22 20:13:09
119,Dakar,14.69,-17.44,302.15,74,40,3.1,SN,2020-08-22 20:11:38
120,Lorengau,-2.02,147.27,299.93,78,61,0.72,PG,2020-08-22 20:13:10
121,Thompson,55.74,-97.86,282.15,81,90,3.6,CA,2020-08-22 20:08:35
122,Uruzgan,32.83,66.0,292.24,21,0,0.85,AF,2020-08-22 20:13:12
123,Pevek,69.7,170.31,276.61,98,100,2.41,RU,2020-08-22 20:13:12
124,Tual,-5.67,132.75,299.23,81,41,7.38,ID,2020-08-22 20:11:14
125,Coos Bay,43.37,-124.22,299.26,68,1,6.7,US,2020-08-22 20:13:13
126,Bataipora,-22.3,-53.27,290.53,67,1,1.79,BR,2020-08-22 20:13:14
127,New Norfolk,-42.78,147.06,279.82,91,100,0.89,AU,2020-08-22 20:13:14
128,Qasigiannguit,68.82,-51.19,280.15,65,0,2.1,GL,2020-08-22 20:13:15
129,Sao Filipe,14.9,-24.5,299.46,78,29,0.88,CV,2020-08-22 20:13:15
130,Klaksvik,62.23,-6.59,281.15,87,99,10.8,FO,2020-08-22 20:13:16
131,Tuktoyaktuk,69.45,-133.04,285.15,81,20,5.1,CA,2020-08-22 20:13:17
132,Georgetown,5.41,100.34,300.15,88,40,0.75,MY,2020-08-22 20:10:03
133,Broome,42.25,-75.83,303.15,42,20,1.5,US,2020-08-22 20:13:19
134,Vikulovo,56.82,70.61,283.53,97,47,2.95,RU,2020-08-22 20:13:19
135,Palmer,42.16,-72.33,304.82,51,75,3.6,US,2020-08-22 20:10:14
136,Lebu,-37.62,-73.65,285.09,75,0,5.03,CL,2020-08-22 20:13:20
137,Clarence Town,-32.58,151.78,283.15,66,71,9.8,AU,2020-08-22 20:13:21
138,Upernavik,72.79,-56.15,280.07,70,82,4.91,GL,2020-08-22 20:13:21
139,Mar Del Plata,-38.0,-57.56,289.15,31,0,7.2,AR,2020-08-22 20:13:20
140,Atuona,-9.8,-139.03,298.89,78,26,8.22,PF,2020-08-22 20:13:22
141,Camacha,33.08,-16.33,296.15,73,20,5.1,PT,2020-08-22 20:13:23
142,Qandala,11.47,49.87,304.78,53,51,1.83,SO,2020-08-22 20:13:24
143,Aitape,-3.14,142.35,298.85,84,25,1.45,PG,2020-08-22 20:13:24
144,Ilhabela,-23.78,-45.36,289.94,77,97,2.46,BR,2020-08-22 20:13:25
145,Ramos Arizpe,25.55,-100.97,304.15,35,40,4.1,MX,2020-08-22 20:13:25
146,Vagur,61.47,-6.81,283.55,81,100,8.78,FO,2020-08-22 20:13:26
147,Grootfontein,-19.57,18.12,286.17,42,0,2.7,NA,2020-08-22 20:13:26
148,Saint George,37.1,-113.58,311.48,30,1,2.1,US,2020-08-22 20:08:45
149,Benguela,-12.58,13.41,293.43,85,9,1.39,AO,2020-08-22 20:13:17
150,Svetlyy,54.67,20.13,293.15,94,75,2.0,RU,2020-08-22 20:13:28
151,Bealanana,-14.55,48.73,286.74,87,90,1.77,MG,2020-08-22 20:13:28
152,Hammerfest,70.66,23.68,291.15,77,48,12.9,NO,2020-08-22 20:13:29
153,Almansa,38.87,-1.1,300.37,65,0,0.89,ES,2020-08-22 20:13:29
154,Baberu,25.55,80.72,299.5,84,66,3.6,IN,2020-08-22 20:13:30
155,Turukhansk,65.82,87.98,286.5,95,100,1.13,RU,2020-08-22 20:13:30
156,Iqaluit,63.75,-68.51,282.15,70,20,3.6,CA,2020-08-22 20:11:23
157,Oranjestad,12.52,-70.03,303.15,79,40,4.1,AW,2020-08-22 20:13:31
158,Srednekolymsk,67.45,153.68,275.72,90,100,5.4,RU,2020-08-22 20:11:59
159,Cubarral,3.79,-73.84,301.15,58,40,2.1,CO,2020-08-22 20:13:32
160,Bandarbeyla,9.49,50.81,297.91,76,32,14.38,SO,2020-08-22 20:13:33
161,Palmerston,-12.49,130.98,295.15,88,0,1.29,AU,2020-08-22 20:10:07
162,Gobabis,-22.45,18.97,286.7,37,0,5.1,NA,2020-08-22 20:13:34
163,Bacolod,10.67,122.95,299.08,86,96,1.24,PH,2020-08-22 20:13:34
164,Dhidhdhoo,6.88,73.1,301.84,70,4,2.93,MV,2020-08-22 20:13:35
165,Dor Marunt,44.45,26.92,300.37,29,0,2.07,RO,2020-08-22 20:13:35
166,Tougue,11.47,-11.6,293.88,96,100,1.14,GN,2020-08-22 20:13:36
167,Pisco,-13.7,-76.22,290.93,82,75,3.6,PE,2020-08-22 20:13:37
168,Champerico,14.3,-91.92,300.15,88,75,4.1,GT,2020-08-22 20:13:37
169,Claveria,18.61,121.08,299.92,74,84,2.47,PH,2020-08-22 20:13:38
170,Cherskiy,68.75,161.3,276.4,94,100,9.14,RU,2020-08-22 20:10:21
171,Rocha,-34.48,-54.33,287.19,61,0,1.93,UY,2020-08-22 20:13:39
172,Olafsvik,64.89,-23.71,284.21,66,23,3.59,IS,2020-08-22 20:13:39
173,Mareeba,-17.0,145.43,287.15,87,28,0.68,AU,2020-08-22 20:13:40
174,Albany,42.6,-73.97,302.59,43,0,3.84,US,2020-08-22 20:13:40
175,Dingle,11.0,122.67,298.17,88,100,0.76,PH,2020-08-22 20:11:27
176,Yuzhou,34.16,113.46,296.15,94,90,1.0,CN,2020-08-22 20:13:42
177,Dongying,37.46,118.49,294.93,75,0,1.52,CN,2020-08-22 20:13:42
178,Khasan,42.43,130.64,291.25,93,94,2.37,RU,2020-08-22 20:13:43
179,Cermik,38.14,39.45,295.15,40,40,6.7,TR,2020-08-22 20:13:44
180,Merauke,-8.47,140.33,295.99,89,17,5.31,ID,2020-08-22 20:13:44
181,Kaeo,-35.1,173.78,283.71,3,4,2.44,NZ,2020-08-22 20:09:33
182,Quatre Cocos,-20.21,57.76,294.15,88,75,5.7,MU,2020-08-22 20:13:45
183,Dawson Creek,55.77,-120.24,289.15,51,20,8.7,CA,2020-08-22 20:13:46
184,Bambous Virieux,-20.34,57.76,294.15,88,75,5.7,MU,2020-08-22 20:13:46
185,Jiaojiang,28.68,121.44,299.82,61,0,1.65,CN,2020-08-22 20:13:47
186,Acajutla,13.59,-89.83,298.15,94,40,1.0,SV,2020-08-22 20:13:47
187,Leningradskiy,69.38,178.42,281.34,82,1,1.64,RU,2020-08-22 20:13:48
188,Kodiak,57.79,-152.41,292.15,59,20,1.5,US,2020-08-22 20:11:33
189,Northam,51.03,-4.22,289.26,87,21,8.05,GB,2020-08-22 20:13:49
190,Ossora,59.24,163.07,283.97,74,86,2.15,RU,2020-08-22 20:13:50
191,Salalah,17.02,54.09,298.15,100,90,2.1,OM,2020-08-22 20:13:50
192,Saint-Pierre,-21.34,55.48,292.15,63,0,3.1,RE,2020-08-22 20:13:51
193,Derzhavinsk,51.1,66.32,286.97,82,63,2.97,KZ,2020-08-22 20:13:52
194,Cabo San Lucas,22.89,-109.91,306.15,58,5,3.6,MX,2020-08-22 20:13:40
195,Beringovskiy,63.05,179.32,284.82,87,72,3.99,RU,2020-08-22 20:13:52
196,Maragogi,-9.01,-35.22,297.32,83,54,3.42,BR,2020-08-22 20:11:23
197,Vanimo,-2.67,141.3,298.78,83,29,1.68,PG,2020-08-22 20:13:53
198,Vila Franca Do Campo,37.72,-25.43,297.15,83,20,2.1,PT,2020-08-22 20:13:54
199,Kaitangata,-46.28,169.85,283.15,82,64,3.58,NZ,2020-08-22 20:13:54
200,Borogontsy,62.67,131.17,275.55,79,0,1.26,RU,2020-08-22 20:13:55
201,Namibe,-15.2,12.15,290.86,86,4,2.35,AO,2020-08-22 20:13:55
202,Tautira,-17.73,-149.15,299.15,69,40,1.5,PF,2020-08-22 20:09:03
203,Adrar,20.5,-10.07,313.48,8,16,2.93,MR,2020-08-22 20:13:57
204,Wewak,-3.55,143.63,299.53,82,9,2.68,PG,2020-08-22 20:13:57
205,Tripoli,32.88,13.19,300.06,68,0,4.41,LY,2020-08-22 20:10:35
206,Lucea,18.45,-78.17,304.15,66,20,4.6,JM,2020-08-22 20:13:58
207,Lillooet,50.69,-121.94,296.15,35,1,5.7,CA,2020-08-22 20:13:59
208,Kilimatinde,-5.85,34.95,290.87,60,22,1.47,TZ,2020-08-22 20:13:59
209,Cidreira,-30.18,-50.21,286.56,63,0,2.75,BR,2020-08-22 20:10:29
210,Samana,19.21,-69.34,303.15,89,75,4.1,DO,2020-08-22 20:14:00
211,Mandera,3.94,41.87,301.17,48,100,8.25,KE,2020-08-22 20:14:01
212,Port Lincoln,-34.73,135.87,283.14,72,82,5.33,AU,2020-08-22 20:14:02
213,Katsuura,35.13,140.3,298.71,89,100,0.45,JP,2020-08-22 20:14:02
214,Ukiah,39.15,-123.21,307.59,45,1,1.5,US,2020-08-22 20:11:48
215,Sujiatun,41.66,123.34,290.15,100,40,2.0,CN,2020-08-22 20:14:03
216,Lagoa,39.05,-27.98,295.77,79,55,4.24,PT,2020-08-22 20:14:04
217,Biak,-0.91,122.88,297.7,83,95,3.42,ID,2020-08-22 20:14:04
218,Trelew,-43.25,-65.31,294.2,22,0,4.04,AR,2020-08-22 20:10:39
219,Kloulklubed,7.04,134.26,297.15,94,75,1.67,PW,2020-08-22 20:14:05
220,Babstovo,48.12,132.48,286.91,83,100,1.51,RU,2020-08-22 20:14:06
221,Kirovskiy,45.09,133.51,285.16,90,97,2.12,RU,2020-08-22 20:14:06
222,Ribeira Grande,38.52,-28.7,297.15,73,75,2.1,PT,2020-08-22 20:14:07
223,Khuzhir,53.19,107.34,286.0,92,65,2.18,RU,2020-08-22 20:12:06
224,Bathsheba,13.22,-59.52,304.15,70,20,4.6,BB,2020-08-22 20:13:40
225,Allapalli,19.42,80.07,297.34,96,100,1.54,IN,2020-08-22 20:14:08
226,Morro Bay,35.37,-120.85,305.93,40,1,3.6,US,2020-08-22 20:14:09
227,Marawi,8.0,124.29,297.04,94,36,2.68,PH,2020-08-22 20:14:10
228,Nanakuli,21.39,-158.15,302.15,54,1,4.6,US,2020-08-22 20:14:10
229,Say,13.1,2.37,302.16,60,44,2.66,NE,2020-08-22 20:14:11
230,Acapulco,16.86,-99.89,303.15,74,75,2.1,MX,2020-08-22 20:11:05
231,Manokwari,-0.87,134.08,298.54,77,0,1.59,ID,2020-08-22 20:14:12
232,Puerto Penasco,31.32,-113.53,305.37,70,0,5.36,MX,2020-08-22 20:14:13
233,Lungi,9.22,-12.68,296.1,96,100,1.94,SL,2020-08-22 20:14:13
234,Anchorage,61.22,-149.9,292.15,52,40,1.2,US,2020-08-22 20:14:14
235,Upata,8.01,-62.4,305.37,63,3,1.34,VE,2020-08-22 20:14:14
236,Ust-Kuyga,70.02,135.6,277.4,93,100,1.35,RU,2020-08-22 20:14:15
237,Beisfjord,68.38,17.6,289.15,93,75,4.1,NO,2020-08-22 20:14:16
238,Xam Nua,20.42,104.04,292.08,94,99,0.73,LA,2020-08-22 20:14:16
239,Fairbanks,64.84,-147.72,294.82,59,40,2.6,US,2020-08-22 20:12:52
240,Doka,13.52,35.77,296.97,93,100,2.7,SD,2020-08-22 20:14:18
241,Vage,60.05,5.52,288.15,94,100,1.34,NO,2020-08-22 20:14:18
242,Faanui,-16.48,-151.75,298.16,80,2,11.06,PF,2020-08-22 20:14:19
243,Ostrovnoy,68.05,39.51,288.56,74,0,7.58,RU,2020-08-22 20:13:27
244,Ilulissat,69.22,-51.1,280.15,65,0,2.1,GL,2020-08-22 20:14:20
245,Pytalovo,57.07,27.91,291.93,76,100,6.0,RU,2020-08-22 20:14:20
246,Brejo,-3.68,-42.75,305.63,45,47,2.14,BR,2020-08-22 20:14:21
247,San Quintin,30.48,-115.95,299.71,66,0,5.3,MX,2020-08-22 20:14:22
248,Sokoni,-6.43,39.55,298.15,78,20,6.7,TZ,2020-08-22 20:14:22
249,Vestmannaeyjar,63.44,-20.27,284.65,75,22,1.76,IS,2020-08-22 20:14:23
250,Barentu,15.11,37.59,296.17,78,72,2.17,ER,2020-08-22 20:14:23
251,Jinji,23.23,110.83,298.58,89,28,1.21,CN,2020-08-22 20:14:24
252,Alofi,-19.06,-169.92,298.15,88,30,3.6,NU,2020-08-22 20:14:25
253,Hovd,48.01,91.64,287.56,55,94,0.54,MN,2020-08-22 20:14:25
254,Veraval,20.9,70.37,301.03,85,100,8.4,IN,2020-08-22 20:14:26
255,Nuuk,64.18,-51.72,279.15,93,75,2.6,GL,2020-08-22 20:14:27
256,Rabo De Peixe,37.8,-25.58,297.15,83,20,2.1,PT,2020-08-22 20:11:05
257,Sambava,-14.27,50.17,294.41,77,17,5.76,MG,2020-08-22 20:14:27
258,Nouadhibou,20.93,-17.03,297.15,78,0,7.7,MR,2020-08-22 20:13:05
259,Tromso,69.65,18.96,287.15,93,75,6.2,NO,2020-08-22 20:14:29
260,Kahului,20.89,-156.47,300.15,78,40,5.1,US,2020-08-22 20:14:29
261,Davidson,36.15,-86.78,302.04,65,40,2.6,US,2020-08-22 20:14:29
262,Laguna,38.42,-121.42,305.93,40,20,1.31,US,2020-08-22 20:14:30
263,Limoeiro Do Ajuru,-1.9,-49.38,305.38,53,0,1.2,BR,2020-08-22 20:14:31
264,Tulle,45.33,1.83,292.59,78,48,0.45,FR,2020-08-22 20:14:31
265,East London,-33.02,27.91,292.51,39,0,2.18,ZA,2020-08-22 20:10:52
266,Hami,42.8,93.45,297.9,26,0,0.74,CN,2020-08-22 20:14:32
267,Moindou,-21.69,165.68,291.15,93,90,1.0,NC,2020-08-22 20:14:32
268,Penzance,50.12,-5.54,289.26,77,10,8.7,GB,2020-08-22 20:14:33
269,Goma,-1.68,29.22,293.08,65,89,0.58,CD,2020-08-22 20:14:34
270,Longyearbyen,78.22,15.64,279.15,70,40,3.6,SJ,2020-08-22 20:14:34
271,Rafai,4.95,23.92,294.74,97,100,1.5,CF,2020-08-22 20:14:35
272,Pokhara,28.23,83.98,294.05,84,35,1.01,NP,2020-08-22 20:14:35
273,Kaniama,-7.57,24.18,297.0,36,8,1.32,CD,2020-08-22 20:14:36
274,Starkville,33.45,-88.82,301.15,54,90,2.78,US,2020-08-22 20:11:01
275,Beihai,21.48,109.1,301.42,81,45,1.88,CN,2020-08-22 20:14:37
276,Praia,14.92,-23.51,301.15,74,20,3.1,CV,2020-08-22 20:14:37
277,Karratha,-20.74,116.85,293.44,44,0,3.06,AU,2020-08-22 20:14:38
278,Sao Joao Da Barra,-21.64,-41.05,291.15,93,90,5.1,BR,2020-08-22 20:11:52
279,Saint-Joseph,-21.37,55.62,292.15,63,15,3.1,RE,2020-08-22 20:14:39
280,Sitka,57.05,-135.33,287.15,87,75,2.1,US,2020-08-22 20:14:39
281,Plettenberg Bay,-34.05,23.37,286.46,84,0,2.73,ZA,2020-08-22 20:14:40
282,Jiwani,25.05,61.74,301.36,84,86,2.98,PK,2020-08-22 20:14:40
283,Tolaga Bay,-38.37,178.3,285.01,76,100,2.01,NZ,2020-08-22 20:14:41
284,Chepareria,1.31,35.2,290.88,75,99,1.1,KE,2020-08-22 20:14:41
285,Paamiut,61.99,-49.67,279.49,94,45,4.46,GL,2020-08-22 20:14:42
286,Udachnyy,66.42,112.4,279.68,67,1,1.62,RU,2020-08-22 20:14:42
287,Ushtobe,45.25,77.98,293.78,25,99,1.67,KZ,2020-08-22 20:14:43
288,Kumba,4.64,9.45,295.62,96,100,0.94,CM,2020-08-22 20:14:43
289,Puerto Carreno,6.19,-67.49,302.15,66,40,4.1,CO,2020-08-22 20:14:44
290,Salta,-24.79,-65.41,291.15,15,7,4.6,AR,2020-08-22 20:14:44
291,Yar-Sale,66.83,70.83,282.93,93,0,4.73,RU,2020-08-22 20:14:45
292,Itajai,-26.91,-48.66,289.82,55,0,4.1,BR,2020-08-22 20:14:45
293,Sinnamary,5.38,-52.95,301.75,71,31,3.78,GF,2020-08-22 20:14:46
294,Shu,43.6,73.76,294.63,23,50,1.68,KZ,2020-08-22 20:14:46
295,Byron Bay,-28.65,153.62,283.15,46,0,3.1,AU,2020-08-22 20:14:47
296,Hasaki,35.73,140.83,298.15,94,75,2.6,JP,2020-08-22 20:14:47
297,Kovylkino,54.04,43.91,285.08,79,0,1.39,RU,2020-08-22 20:14:48
298,Barpathar,26.3,93.87,297.76,89,25,1.79,IN,2020-08-22 20:14:48
299,Te Anau,-45.42,167.72,278.57,88,100,0.46,NZ,2020-08-22 20:09:55
300,Prince Rupert,54.32,-130.32,288.15,82,75,6.7,CA,2020-08-22 20:14:49
301,Sabang,5.89,95.32,300.84,77,89,4.51,ID,2020-08-22 20:14:50
302,Westport,41.14,-73.36,304.26,58,1,4.6,US,2020-08-22 20:12:06
303,Ahipara,-35.17,173.17,286.12,90,18,3.22,NZ,2020-08-22 20:14:51
304,Asau,46.43,26.4,290.93,84,0,1.06,RO,2020-08-22 20:14:51
305,Honiara,-9.43,159.95,296.15,100,90,1.5,SB,2020-08-22 20:14:52
306,Valparaiso,-33.04,-71.63,284.82,100,90,6.2,CL,2020-08-22 20:13:35
307,Hay River,60.82,-115.8,287.15,82,75,4.6,CA,2020-08-22 20:14:53
308,Durusu,41.31,28.68,299.15,78,0,3.6,TR,2020-08-22 20:14:53
309,Carbondale,37.73,-89.22,303.15,51,75,1.5,US,2020-08-22 20:14:54
310,Coquimbo,-29.95,-71.34,284.15,81,90,3.6,CL,2020-08-22 20:14:54
311,Labuhan,-6.88,112.21,297.99,82,1,3.32,ID,2020-08-22 20:10:30
312,Rawson,-43.3,-65.1,292.51,26,0,4.15,AR,2020-08-22 20:14:55
313,Ormara,25.21,64.64,301.87,85,100,4.88,PK,2020-08-22 20:14:55
314,Gafanha Da Encarnacao,40.62,-8.73,294.26,85,0,4.02,PT,2020-08-22 20:14:56
315,Goure,13.98,10.27,301.48,63,87,3.02,NE,2020-08-22 20:14:56
316,Mancio Lima,-7.61,-72.9,296.6,55,69,1.8,BR,2020-08-22 20:14:57
317,Wexford,52.33,-6.46,289.82,93,40,3.6,IE,2020-08-22 20:14:57
318,San Patricio,19.22,-104.7,305.15,75,75,5.1,MX,2020-08-22 20:14:58
319,Bay City,43.59,-83.89,304.82,42,1,4.6,US,2020-08-22 20:14:58
320,Ponta Do Sol,32.67,-17.1,297.15,69,40,7.2,PT,2020-08-22 20:14:59
321,Qaanaaq,77.48,-69.36,276.63,81,100,1.01,GL,2020-08-22 20:13:22
322,Kaitong,44.81,123.15,289.46,82,93,4.2,CN,2020-08-22 20:15:00
323,Gat,31.61,34.76,299.82,37,0,0.25,IL,2020-08-22 20:15:00
324,Touros,-5.2,-35.46,300.15,69,40,7.2,BR,2020-08-22 20:15:01
325,Yangjiang,21.85,111.97,298.89,84,0,0.55,CN,2020-08-22 20:15:01
326,Dubbo,-32.25,148.62,278.15,86,90,6.2,AU,2020-08-22 20:15:02
327,Sorland,67.67,12.69,286.99,91,100,8.32,NO,2020-08-22 20:11:04
328,Umm Lajj,25.02,37.27,302.0,63,0,2.73,SA,2020-08-22 20:15:03
329,Kupang,-10.17,123.58,295.16,75,0,1.93,ID,2020-08-22 20:15:03
330,Havre-Saint-Pierre,50.23,-63.6,290.15,63,1,6.7,CA,2020-08-22 20:15:04
331,Shimoda,34.67,138.95,294.82,93,100,0.82,JP,2020-08-22 20:15:04
332,Geraldton,-28.77,114.6,287.15,93,90,2.6,AU,2020-08-22 20:15:05
333,Carutapera,-1.2,-46.02,301.31,71,2,4.18,BR,2020-08-22 20:15:06
334,Port Hawkesbury,45.62,-61.35,295.37,49,1,5.1,CA,2020-08-22 20:15:06
335,Vao,-22.67,167.48,295.56,86,23,5.16,NC,2020-08-22 20:15:07
336,Chernyshevskiy,63.01,112.47,279.95,75,85,1.08,RU,2020-08-22 20:15:07
337,Margate,51.38,1.39,292.59,72,50,1.34,GB,2020-08-22 20:15:08
338,Bilma,18.69,12.92,308.78,30,57,2.46,NE,2020-08-22 20:15:08
339,Calabozo,8.92,-67.43,299.96,84,94,1.72,VE,2020-08-22 20:10:45
340,Yangambi,0.81,24.43,295.61,93,68,1.01,CD,2020-08-22 20:15:09
341,Chadiza,-14.07,32.44,287.87,74,1,3.7,ZM,2020-08-22 20:14:52
342,Brokopondo,4.75,-55.17,305.44,44,17,1.46,SR,2020-08-22 20:15:10
343,Dodge City,37.75,-100.02,305.93,38,1,7.7,US,2020-08-22 20:15:11
344,Sao Miguel Do Guama,-1.63,-47.48,303.71,59,19,3.75,BR,2020-08-22 20:14:14
345,Atbasar,51.8,68.33,285.23,91,0,3.15,KZ,2020-08-22 20:15:12
346,Edson,53.58,-116.44,293.15,37,20,5.7,CA,2020-08-22 20:15:12
347,Tateyama,34.98,139.87,299.82,89,100,0.45,JP,2020-08-22 20:15:13
348,Talnakh,69.49,88.4,287.15,67,32,6.0,RU,2020-08-22 20:15:13
349,Mbekenyera,-10.0,38.98,295.91,60,99,3.37,TZ,2020-08-22 20:15:14
350,Barrafranca,37.38,14.2,298.15,73,0,0.45,IT,2020-08-22 20:13:52
351,Najran,17.49,44.13,306.15,22,6,2.1,SA,2020-08-22 20:15:15
352,Bondo,3.81,23.69,294.77,97,100,0.98,CD,2020-08-22 20:15:15
353,Nianzishan,47.52,122.88,288.49,66,100,2.06,CN,2020-08-22 20:15:16
354,Torbay,47.67,-52.73,294.82,52,40,3.6,CA,2020-08-22 20:13:13
355,Ust-Kut,56.79,105.77,285.37,79,82,0.72,RU,2020-08-22 20:15:17
356,Edd,13.93,41.69,307.06,50,48,1.48,ER,2020-08-22 20:15:17
357,Milledgeville,33.08,-83.23,302.15,70,40,4.21,US,2020-08-22 20:15:18
358,Clive,41.6,-93.72,304.26,54,90,5.1,US,2020-08-22 20:15:18
359,Ixtapa,20.7,-105.2,305.37,74,75,4.1,MX,2020-08-22 20:12:31
360,Fortuna,40.6,-124.16,291.48,82,20,5.1,US,2020-08-22 20:15:19
361,Tervel,43.75,27.4,300.37,61,0,0.89,BG,2020-08-22 20:15:20
362,Tuatapere,-46.13,167.68,277.59,98,100,0.45,NZ,2020-08-22 20:10:23
363,Hailun,47.45,126.93,286.39,82,100,3.1,CN,2020-08-22 20:15:21
364,Challapata,-18.9,-66.77,285.84,28,9,4.84,BO,2020-08-22 20:15:21
365,Pauini,-7.71,-66.98,303.48,31,0,1.72,BR,2020-08-22 20:15:22
366,Dunedin,-45.87,170.5,282.04,94,53,0.89,NZ,2020-08-22 20:10:32
367,Saint Anthony,45.02,-93.22,302.04,61,75,2.1,US,2020-08-22 20:12:32
368,Ballina,-28.87,153.57,284.15,46,0,3.1,AU,2020-08-22 20:15:23
369,Richards Bay,-28.78,32.04,291.83,69,0,5.81,ZA,2020-08-22 20:15:24
370,Broken Hill,-31.95,141.43,277.15,86,5,4.1,AU,2020-08-22 20:15:24
371,Viransehir,37.24,39.76,298.8,31,0,5.22,TR,2020-08-22 20:15:25
372,Kalaleh,37.38,55.49,298.15,83,52,3.1,IR,2020-08-22 20:15:25
373,Karatau,43.17,70.47,292.45,26,1,0.44,KZ,2020-08-22 20:15:26
374,Tingo Maria,-9.29,-76.01,299.15,65,40,2.6,PE,2020-08-22 20:15:26
375,Aqtobe,50.28,57.21,288.15,62,50,3.0,KZ,2020-08-22 20:11:59
376,Los Llanos De Aridane,28.66,-17.92,297.15,83,5,7.2,ES,2020-08-22 20:15:27
377,Wattegama,6.8,81.48,298.26,79,71,2.74,LK,2020-08-22 20:15:28
378,Show Low,34.25,-110.03,305.15,18,1,2.6,US,2020-08-22 20:15:28
379,Lakatoro,-16.1,167.42,297.15,88,20,2.1,VU,2020-08-22 20:15:29
380,Yarmouth,41.71,-70.23,300.93,65,1,3.6,US,2020-08-22 20:15:29
381,Oranjemund,-28.55,16.43,289.69,44,0,3.93,NA,2020-08-22 20:15:30
382,Baisha,26.52,110.93,297.29,84,76,0.9,CN,2020-08-22 20:15:30
383,Dwarka,22.24,68.97,301.44,88,100,7.6,IN,2020-08-22 20:15:31
384,Nantucket,41.28,-70.1,298.15,78,1,4.6,US,2020-08-22 20:15:03
385,Coahuayana,18.73,-103.68,300.15,83,75,2.79,MX,2020-08-22 20:15:32
386,Vila Velha,-20.33,-40.29,291.15,93,90,7.2,BR,2020-08-22 20:15:33
387,Maldonado,-34.67,-54.92,288.15,44,0,4.6,UY,2020-08-22 20:13:45
388,Breytovo,58.3,37.86,290.02,79,100,2.92,RU,2020-08-22 20:15:34
389,Kribi,2.95,9.92,298.09,89,79,4.24,CM,2020-08-22 20:15:34
390,Kavaratti,10.57,72.64,301.21,77,60,4.9,IN,2020-08-22 20:11:34
391,Bereda,43.27,-7.54,290.93,83,10,2.68,ES,2020-08-22 20:15:35
392,Iguape,-24.71,-47.56,288.13,84,100,6.1,BR,2020-08-22 20:15:36
393,Bireun,5.2,96.7,298.19,83,93,2.09,ID,2020-08-22 20:15:36
394,Changji,44.02,87.32,296.15,33,6,2.0,CN,2020-08-22 20:15:37
395,Techiman,7.59,-1.94,295.02,93,4,1.47,GH,2020-08-22 20:15:38
396,Conceicao Do Araguaia,-8.26,-49.26,309.66,21,45,2.75,BR,2020-08-22 20:15:38
397,Abha,18.22,42.51,295.15,83,3,1.5,SA,2020-08-22 20:15:39
398,Eureka,40.8,-124.16,294.82,13,4,0.89,US,2020-08-22 20:15:39
399,Yilan,24.76,121.75,300.93,88,75,5.7,TW,2020-08-22 20:15:40
400,Samarai,-10.62,150.67,297.5,76,96,5.39,PG,2020-08-22 20:15:40
401,Ambon,-3.7,128.18,297.15,100,40,1.5,ID,2020-08-22 20:12:15
402,High Level,58.52,-117.14,287.15,93,90,5.7,CA,2020-08-22 20:15:41
403,Balkanabat,39.51,54.37,298.78,53,73,2.36,TM,2020-08-22 20:15:42
404,Pangkalanbuun,-2.68,111.62,297.27,96,99,1.06,ID,2020-08-22 20:15:42
405,Vardo,70.37,31.11,288.46,77,77,9.06,NO,2020-08-22 20:15:43
406,Apac,1.98,32.54,292.41,89,17,0.85,UG,2020-08-22 20:15:43
407,Ilo,-17.64,-71.34,289.52,74,52,2.65,PE,2020-08-22 20:15:44
408,Barcelos,41.54,-8.62,293.15,82,4,4.6,PT,2020-08-22 20:15:44
409,Bermejo,-32.88,-68.8,291.15,9,0,5.1,AR,2020-08-22 20:15:45
410,Tilichiki,60.47,166.1,281.98,88,100,1.04,RU,2020-08-22 20:15:45
411,Bubaque,11.28,-15.83,300.17,82,36,3.89,GW,2020-08-22 20:10:52
412,Marrakesh,31.63,-8.01,308.15,20,75,3.6,MA,2020-08-22 20:15:46
413,Boende,-0.22,20.87,296.62,90,100,0.63,CD,2020-08-22 20:15:47
414,Burns Lake,54.23,-125.75,288.49,52,82,6.58,CA,2020-08-22 20:15:47
415,Pangody,65.85,74.49,285.41,88,100,6.41,RU,2020-08-22 20:15:48
416,Takoradi,4.88,-1.76,297.2,89,20,3.36,GH,2020-08-22 20:15:49
417,Manacapuru,-3.3,-60.62,301.15,58,0,3.1,BR,2020-08-22 20:15:49
418,Sobolevo,54.43,31.9,286.7,89,34,2.27,RU,2020-08-22 20:15:50
419,Lavrentiya,65.58,-171.0,280.99,95,100,3.2,RU,2020-08-22 20:15:51
420,Maniitsoq,65.42,-52.9,282.99,80,45,5.08,GL,2020-08-22 20:15:51
421,Saldanha,-33.01,17.94,286.15,82,0,2.1,ZA,2020-08-22 20:15:51
422,San Andres,12.58,-81.7,302.15,83,40,2.1,CO,2020-08-22 20:14:49
423,Hibbing,47.43,-92.94,298.15,69,40,2.41,US,2020-08-22 20:15:52
424,Sri Aman,1.24,111.46,296.15,100,100,0.68,MY,2020-08-22 20:15:53
425,Brandon,27.94,-82.29,304.15,74,1,0.33,US,2020-08-22 20:14:00
426,Seoul,37.57,126.98,296.15,100,90,0.75,KR,2020-08-22 20:15:54
427,Namatanai,-3.67,152.43,299.16,81,65,1.97,PG,2020-08-22 20:15:55
428,Nyurba,63.28,118.33,277.78,78,0,1.68,RU,2020-08-22 20:15:55
429,Husavik,66.04,-17.34,283.15,71,0,5.1,IS,2020-08-22 20:15:56
430,Norman Wells,65.28,-126.83,290.15,63,40,5.1,CA,2020-08-22 20:15:56
431,Ulaanbaatar,47.91,106.88,281.15,87,0,0.84,MN,2020-08-22 20:15:57
432,High River,50.58,-113.87,298.71,30,0,0.89,CA,2020-08-22 20:15:57
433,Viedma,-40.81,-63.0,294.82,20,0,5.36,AR,2020-08-22 20:15:58
434,Shingu,33.73,135.98,296.82,88,91,1.95,JP,2020-08-22 20:15:58
435,Alice Springs,-23.7,133.88,279.15,52,0,2.22,AU,2020-08-22 20:15:59
436,Mariental,-24.63,17.97,289.63,28,0,5.52,NA,2020-08-22 20:15:59
437,Catia La Mar,10.6,-67.03,302.34,68,99,1.29,VE,2020-08-22 20:16:00
438,Rio Grande,-32.03,-52.1,290.15,36,0,3.6,BR,2020-08-22 20:16:00
439,Road Town,18.42,-64.62,302.15,79,40,9.3,VG,2020-08-22 20:16:01
440,College,64.86,-147.8,294.82,59,40,2.6,US,2020-08-22 20:16:01
441,Melbourne,28.08,-80.61,305.93,74,1,6.7,US,2020-08-22 20:11:50
442,Maroantsetra,-15.43,49.73,293.13,80,68,1.83,MG,2020-08-22 20:16:02
443,Neuquen,-38.95,-68.06,295.15,26,0,1.5,AR,2020-08-22 20:12:56
444,Tucuma,-0.18,-50.05,303.27,68,5,3.85,BR,2020-08-22 20:15:06
445,Port-Gentil,-0.72,8.78,298.15,78,75,6.82,GA,2020-08-22 20:16:04
446,Shenjiamen,29.96,122.3,299.67,86,0,2.03,CN,2020-08-22 20:16:04
447,Payo,-3.75,103.64,296.62,84,62,0.98,ID,2020-08-22 20:16:05
448,Jibuti,11.5,42.5,309.15,34,20,4.0,DJ,2020-08-22 20:16:05
449,Harper,4.38,-7.72,297.59,88,77,5.17,LR,2020-08-22 20:16:06
450,Yulara,-25.24,130.99,283.15,46,0,2.6,AU,2020-08-22 20:16:06
451,Pinawa,50.15,-95.88,296.85,77,73,2.38,CA,2020-08-22 20:16:07
452,Puerto Leguizamo,-0.19,-74.78,298.92,69,80,2.16,CO,2020-08-22 20:16:07
453,Ouesso,1.61,16.05,296.54,86,100,0.74,CG,2020-08-22 20:16:08
454,Saint-Augustin,51.23,-58.65,291.14,64,96,1.89,CA,2020-08-22 20:16:08
455,Elizabeth City,36.29,-76.25,305.15,62,20,3.1,US,2020-08-22 20:14:19
456,Lima,-12.04,-77.03,290.15,72,90,5.7,PE,2020-08-22 20:15:38
457,Bulembu,-25.97,31.13,285.15,62,0,4.6,SZ,2020-08-22 20:16:10
458,Jaen,38.0,-3.5,302.59,36,0,2.84,ES,2020-08-22 20:16:10
459,Miramar,25.99,-80.23,306.48,59,20,6.2,US,2020-08-22 20:16:11
460,Acarau,-2.89,-40.12,300.33,69,6,8.17,BR,2020-08-22 20:16:12
461,Bayanday,53.07,105.51,282.82,92,35,1.22,RU,2020-08-22 20:16:12
462,Burriana,39.89,-0.09,300.93,79,0,1.21,ES,2020-08-22 20:16:13
463,Mumford,5.26,-0.76,296.87,90,0,4.64,GH,2020-08-22 20:16:14
464,Sawakin,19.11,37.33,305.44,57,0,3.07,SD,2020-08-22 20:16:14
465,Kendari,-3.94,122.5,294.63,93,100,1.03,ID,2020-08-22 20:16:14
466,Antofagasta,-23.65,-70.4,288.15,67,20,5.7,CL,2020-08-22 20:16:15
467,Nome,64.5,-165.41,285.37,93,90,3.1,US,2020-08-22 20:16:15
468,Davila,18.47,120.58,300.75,77,97,6.92,PH,2020-08-22 20:16:16
469,Ulagan,50.63,87.96,280.11,74,43,1.1,RU,2020-08-22 20:16:17
470,Skibbereen,51.55,-9.27,288.15,87,75,5.7,IE,2020-08-22 20:16:17
471,Kashi,39.45,75.98,294.83,28,0,1.96,CN,2020-08-22 20:16:17
472,Itarema,-2.92,-39.92,300.08,69,0,7.34,BR,2020-08-22 20:16:18
473,Aykhal,66.0,111.5,279.15,76,2,1.81,RU,2020-08-22 20:16:18
474,Jining,35.41,116.58,295.25,95,26,1.49,CN,2020-08-22 20:16:19
475,Dourados,-22.22,-54.81,289.99,60,0,3.16,BR,2020-08-22 20:16:19
476,Pathalgaon,22.57,83.47,296.25,94,100,1.48,IN,2020-08-22 20:16:20
477,Jacareacanga,-6.22,-57.75,309.88,20,0,0.59,BR,2020-08-22 20:16:20
478,Alta Floresta,-9.88,-56.09,310.06,16,0,0.95,BR,2020-08-22 20:16:21
479,Jieshou,33.26,115.36,295.93,97,0,1.77,CN,2020-08-22 20:16:21
480,Birao,10.28,22.79,296.08,95,48,2.57,CF,2020-08-22 20:16:22
481,Senovo,46.02,15.48,298.15,83,0,0.5,SI,2020-08-22 20:16:22
482,Hudson Bay,52.85,-102.38,292.27,73,92,5.25,CA,2020-08-22 20:16:23
483,Minab,27.15,57.08,304.15,74,36,1.5,IR,2020-08-22 20:16:23
484,Muskegon,43.3,-86.13,302.15,42,1,5.1,US,2020-08-22 20:11:41
485,Tiznit,29.58,-9.5,305.45,27,73,0.57,MA,2020-08-22 20:16:24
486,Mogadishu,2.04,45.34,297.81,83,20,7.53,SO,2020-08-22 20:12:25
487,Kyabram,-36.32,145.05,280.37,92,20,0.89,AU,2020-08-22 20:16:26
488,Fukue,32.69,128.84,301.84,71,67,1.31,JP,2020-08-22 20:16:26
489,Mercogliano,40.92,14.74,299.82,32,0,1.0,IT,2020-08-22 20:16:27
490,Kitahiroshima,42.98,141.57,290.93,98,5,1.46,JP,2020-08-22 20:16:27
491,Almaznyy,48.04,40.05,292.15,42,0,4.0,RU,2020-08-22 20:16:28
492,Xai-Xai,-25.05,33.64,289.35,91,0,2.71,MZ,2020-08-22 20:16:28
493,Navsari,20.95,72.93,299.89,88,100,6.64,IN,2020-08-22 20:14:50
494,Mizdah,31.45,12.98,297.36,44,0,4.81,LY,2020-08-22 20:16:29
495,Mao,39.89,4.27,298.15,83,20,3.6,ES,2020-08-22 20:12:14
496,Jalingo,8.88,11.37,297.69,87,99,1.04,NG,2020-08-22 20:16:30
497,Gurun,5.82,100.47,299.15,88,40,0.73,MY,2020-08-22 20:16:31
498,Makinsk,52.63,70.42,283.62,92,0,2.61,KZ,2020-08-22 20:16:31
499,Loreto,22.27,-101.97,298.97,32,97,6.43,MX,2020-08-22 20:16:32
500,Sault Sainte Marie,46.52,-84.33,297.15,73,75,1.5,CA,2020-08-22 20:16:32
501,Kolokani,13.57,-8.03,296.85,90,100,2.58,ML,2020-08-22 20:16:33
502,Murray Bridge,-35.12,139.27,280.37,91,12,1.79,AU,2020-08-22 20:16:33
503,Pafos,34.77,32.42,298.15,53,0,2.6,CY,2020-08-22 20:16:34
504,Sungaipenuh,-2.08,101.38,291.17,94,94,1.05,ID,2020-08-22 20:16:35
505,Ziarat,30.38,67.73,291.12,81,1,1.05,PK,2020-08-22 20:16:35
506,Sola,-13.88,167.55,299.98,84,100,8.43,VU,2020-08-22 20:16:36
507,Cairns,-16.92,145.77,287.15,87,5,2.54,AU,2020-08-22 20:16:16
508,Aklavik,68.22,-135.01,284.15,93,90,2.1,CA,2020-08-22 20:16:38
509,Hornepayne,49.21,-84.77,297.99,45,98,0.39,CA,2020-08-22 20:16:38
510,Evensk,61.95,159.23,280.43,72,100,4.52,RU,2020-08-22 20:16:39
511,Sao Gabriel Da Cachoeira,-0.13,-67.09,294.15,88,90,3.6,BR,2020-08-22 20:16:39
512,Okhotsk,59.38,143.3,284.13,61,83,4.19,RU,2020-08-22 20:16:40
513,Dubai,25.26,55.3,307.15,59,100,6.2,AE,2020-08-22 20:16:41
514,Iquitos,-3.75,-73.25,293.15,77,90,2.6,PE,2020-08-22 20:16:41
515,Kostomuksha,64.57,30.58,288.97,71,100,5.2,RU,2020-08-22 20:16:42
516,La Ronge,55.1,-105.28,289.15,82,90,7.7,CA,2020-08-22 20:16:42
517,Yozgat,39.58,35.33,285.12,69,0,1.99,TR,2020-08-22 20:15:05
518,Panji,-7.73,114.1,297.18,70,0,1.77,ID,2020-08-22 20:16:44
519,Balao,-2.92,-79.82,296.15,88,90,3.6,EC,2020-08-22 20:16:44
520,Tomatlan,19.93,-105.25,305.18,66,49,3.88,MX,2020-08-22 20:16:45
521,Lamar,33.67,-95.58,308.15,43,1,2.6,US,2020-08-22 20:16:45
522,Bilibino,68.05,166.44,278.15,89,100,1.7,RU,2020-08-22 20:16:46
523,Salinopolis,-0.61,-47.36,301.09,75,0,4.68,BR,2020-08-22 20:16:47
524,Le Mars,42.79,-96.17,306.48,49,0,1.34,US,2020-08-22 20:16:47
525,Arlit,18.74,7.39,310.72,24,91,4.05,NE,2020-08-22 20:16:48
526,Naze,28.37,129.48,302.15,83,100,1.5,JP,2020-08-22 20:14:32
527,Dongsheng,39.82,109.98,292.13,84,98,6.16,CN,2020-08-22 20:16:49
528,Kisangani,0.52,25.2,295.81,93,35,1.13,CD,2020-08-22 20:16:49
529,Lamu,-2.27,40.9,297.71,80,23,7.82,KE,2020-08-22 20:15:00
530,Bethlehem,-1.46,-48.5,304.15,70,75,4.1,BR,2020-08-22 20:16:51
531,Xiaoweizhai,26.19,107.51,293.38,93,21,1.33,CN,2020-08-22 20:16:51
532,Nioro,13.35,-15.75,299.25,85,55,3.14,GM,2020-08-22 20:16:52
533,Mahendragarh,28.28,76.15,301.29,76,2,4.46,IN,2020-08-22 20:16:52
534,Goderich,43.75,-81.72,300.37,76,19,1.93,CA,2020-08-22 20:16:53
535,Panzhihua,26.59,101.71,294.0,81,0,0.26,CN,2020-08-22 20:16:53
536,Durban,-29.86,31.03,287.04,87,0,1.0,ZA,2020-08-22 20:16:54
537,Mehamn,71.04,27.85,289.26,75,66,7.15,NO,2020-08-22 20:16:55
538,Iregszemcse,46.69,18.19,299.26,56,0,0.89,HU,2020-08-22 20:16:55
539,Pandan,14.05,124.17,300.03,81,100,1.89,PH,2020-08-22 20:16:56
540,Bardiyah,31.76,25.09,297.65,75,0,4.12,LY,2020-08-22 20:16:56
541,Mugur-Aksy,50.35,90.5,278.64,67,9,1.09,RU,2020-08-22 20:16:57
542,Caravelas,-17.71,-39.25,295.05,74,100,5.37,BR,2020-08-22 20:16:57
543,Cap-Aux-Meules,47.38,-61.86,293.15,60,20,5.7,CA,2020-08-22 20:16:58
544,Mount Isa,-20.73,139.5,287.15,46,7,5.7,AU,2020-08-22 20:16:58
545,Hofn,64.25,-15.21,283.63,67,79,2.11,IS,2020-08-22 20:13:28
546,Woodward,36.43,-99.39,308.71,28,1,3.6,US,2020-08-22 20:16:59
547,Rondonopolis,-16.47,-54.64,300.66,31,46,4.6,BR,2020-08-22 20:16:59
548,Hit,33.64,42.83,304.2,22,0,5.12,IQ,2020-08-22 20:17:00
549,Isangel,-19.55,169.27,296.8,84,10,5.15,VU,2020-08-22 20:16:25
550,Bloomsburg,41.0,-76.45,306.48,36,0,0.45,US,2020-08-22 20:13:17
551,Vilyuysk,63.76,121.62,277.11,79,0,2.05,RU,2020-08-22 20:17:01
552,Uusikaupunki,60.8,21.41,292.15,93,75,3.6,FI,2020-08-22 20:17:02
553,Vaini,-21.2,-175.2,297.15,94,20,3.1,TO,2020-08-22 20:12:03
554,Portland,45.52,-122.68,297.59,60,75,3.6,US,2020-08-22 20:10:46
555,Chuy,-33.7,-53.46,286.15,57,0,2.4,UY,2020-08-22 20:12:04
556,Nanortalik,60.14,-45.24,282.04,69,12,1.39,GL,2020-08-22 20:12:05
557,Airai,-8.93,125.41,287.57,39,46,1.66,TL,2020-08-22 20:07:52
558,Uyuni,-20.46,-66.83,284.88,28,2,11.67,BO,2020-08-22 20:12:06
559,Barrow,71.29,-156.79,279.15,87,90,10.3,US,2020-08-22 20:12:07
560,San Cristobal,7.77,-72.22,307.15,36,40,9.3,VE,2020-08-22 20:10:34
561,Singaraja,-8.11,115.09,298.55,70,12,1.46,ID,2020-08-22 20:10:06
562,Ushuaia,-54.8,-68.3,280.15,83,40,7.7,AR,2020-08-22 20:10:32
563,Coihaique,-45.58,-72.07,283.15,66,75,4.6,CL,2020-08-22 20:12:08
564,Borba,-4.39,-59.59,309.45,23,0,0.66,BR,2020-08-22 20:12:09
565,Mataura,-46.19,168.86,277.59,98,97,0.45,NZ,2020-08-22 20:12:09
566,Hamilton,39.18,-84.53,300.93,69,40,2.6,US,2020-08-22 20:11:55
567,Castro,-24.79,-50.01,283.45,74,82,3.68,BR,2020-08-22 20:07:31
568,Cap Malheureux,-19.98,57.61,293.71,77,3,1.34,MU,2020-08-22 20:12:11
569,Abu Kamal,34.45,40.92,302.3,24,0,7.24,SY,2020-08-22 20:12:12
570,Kapaa,22.08,-159.32,302.15,66,1,6.7,US,2020-08-22 20:10:34
571,Nishihara,26.18,127.76,299.15,88,75,3.1,JP,2020-08-22 20:12:13
572,Jamestown,42.1,-79.24,302.04,47,75,3.6,US,2020-08-22 20:12:13
573,Cockburn Town,21.46,-71.14,302.06,81,97,10.41,TC,2020-08-22 20:07:56
574,Saskylakh,71.92,114.08,274.91,86,5,2.1,RU,2020-08-22 20:12:05
575,Port Elizabeth,-33.92,25.57,288.15,72,0,2.1,ZA,2020-08-22 20:10:21
576,Avera,33.19,-82.53,301.15,78,40,4.1,US,2020-08-22 20:11:46
577,Dikson,73.51,80.55,281.95,75,93,3.9,RU,2020-08-22 20:12:16
578,Clyde River,70.47,-68.59,283.29,69,99,3.22,CA,2020-08-22 20:12:16
579,Hithadhoo,-0.6,73.08,301.4,81,17,6.54,MV,2020-08-22 20:11:13
580,Rikitea,-23.12,-134.97,292.55,71,68,8.24,PF,2020-08-22 20:12:17
581,Avarua,-21.21,-159.78,297.15,73,14,3.1,CK,2020-08-22 20:12:18
582,Lata,40.16,-8.33,294.26,73,0,2.24,PT,2020-08-22 20:07:27
583,Buta,2.79,24.73,295.25,97,100,1.36,CD,2020-08-22 20:12:19
584,Floro,61.6,5.03,288.15,87,100,8.2,NO,2020-08-22 20:12:19
585,Yambio,4.57,28.4,293.85,95,76,0.87,SS,2020-08-22 20:12:20
586,Carnarvon,-24.87,113.63,292.15,68,99,4.1,AU,2020-08-22 20:07:23
587,Hobart,-42.88,147.33,281.15,81,75,8.7,AU,2020-08-22 20:12:21
588,Guiratinga,-16.35,-53.76,302.07,32,23,3.53,BR,2020-08-22 20:12:22
589,Kalemie,-5.95,29.19,295.25,57,62,1.19,CD,2020-08-22 20:12:22
590,Uyemskiy,64.47,40.85,287.15,100,20,2.0,RU,2020-08-22 20:12:23
591,Tornio,65.85,24.15,291.15,88,40,6.2,FI,2020-08-22 20:12:23
592,Praia Da Vitoria,38.73,-27.07,297.15,73,20,2.26,PT,2020-08-22 20:10:48
593,Lahan,26.73,86.5,298.75,84,87,1.51,NP,2020-08-22 20:12:24
594,Kavieng,-2.57,150.8,300.7,72,1,0.74,PG,2020-08-22 20:12:25
595,Lompoc,34.64,-120.46,302.04,54,1,5.1,US,2020-08-22 20:07:46
596,General Cepeda,25.38,-101.45,304.15,35,40,4.1,MX,2020-08-22 20:12:25
597,Old Saybrook,41.29,-72.38,305.37,48,1,3.6,US,2020-08-22 20:12:26
598,Musoma,-1.5,33.8,297.15,78,100,4.42,TZ,2020-08-22 20:12:27
599,Puerto Ayora,-0.74,-90.35,297.15,60,84,7.7,EC,2020-08-22 20:12:27
600,Khani,41.96,42.96,292.15,93,90,0.5,GE,2020-08-22 20:12:28
601,Oron,4.83,8.23,297.23,93,90,2.1,NG,2020-08-22 20:12:28
602,Kiunga,-6.12,141.29,294.91,98,69,0.55,PG,2020-08-22 20:12:28
603,Walvis Bay,-22.96,14.51,295.37,20,0,5.44,NA,2020-08-22 20:12:29
604,Amga,60.9,131.96,276.14,79,0,0.85,RU,2020-08-22 20:12:30
605,Christchurch,-43.53,172.63,283.71,100,100,2.6,NZ,2020-08-22 20:12:31
606,Nikolskoye,59.7,30.79,291.15,68,20,3.0,RU,2020-08-22 20:12:31
607,Kruisfontein,-34.0,24.73,284.82,77,0,0.45,ZA,2020-08-22 20:12:32
608,Chokurdakh,70.63,147.92,274.1,95,98,3.07,RU,2020-08-22 20:12:32
609,Srikakulam,18.3,83.9,300.06,88,64,4.72,IN,2020-08-22 20:12:33
610,Severo-Kurilsk,50.68,156.12,283.36,88,53,4.96,RU,2020-08-22 20:12:33
611,Taoudenni,22.68,-3.98,315.71,7,17,5.31,ML,2020-08-22 20:12:34
612,Sabha,27.04,14.43,301.82,19,0,3.65,LY,2020-08-22 20:09:05
613,Cayenne,4.93,-52.33,304.15,55,7,1.0,GF,2020-08-22 20:12:35
614,Punta Arenas,-53.15,-70.92,281.15,65,40,10.3,CL,2020-08-22 20:12:36
615,Batemans Bay,-35.72,150.18,275.37,77,38,0.45,AU,2020-08-22 20:07:59
616,Port Alfred,-33.59,26.89,289.6,62,0,3.33,ZA,2020-08-22 20:08:03
617,Chyhyryn,49.08,32.66,291.44,65,0,3.33,UA,2020-08-22 20:12:38
618,Mount Gambier,-37.83,140.77,280.15,87,75,5.7,AU,2020-08-22 20:12:38
619,Pangnirtung,66.15,-65.71,283.15,76,20,4.1,CA,2020-08-22 20:11:31
620,Padang,-0.95,100.35,298.66,79,100,1.64,ID,2020-08-22 20:12:39
621,Opuwo,-18.06,13.84,286.63,39,5,1.32,NA,2020-08-22 20:07:58
622,Marzuq,14.4,46.47,301.92,46,46,2.72,YE,2020-08-22 20:12:40
623,Saint-Philippe,-21.36,55.77,292.15,63,33,3.1,RE,2020-08-22 20:12:41
624,Provideniya,64.38,-173.3,283.08,90,100,2.49,RU,2020-08-22 20:12:41
625,Pahrump,36.21,-115.98,312.59,23,97,2.24,US,2020-08-22 20:12:42
626,Goba,7.02,39.98,284.28,87,89,2.04,ET,2020-08-22 20:12:42
627,Mahebourg,-20.41,57.7,294.15,88,75,5.7,MU,2020-08-22 20:12:43
628,Awjilah,29.11,21.29,300.73,51,0,7.9,LY,2020-08-22 20:12:43
629,Rongcheng,30.63,117.85,297.99,89,0,0.48,CN,2020-08-22 20:12:44
630,Khatanga,71.97,102.5,281.89,77,0,3.14,RU,2020-08-22 20:10:54
631,Bluff,-46.6,168.33,277.59,98,100,0.45,NZ,2020-08-22 20:12:45
632,Ketchikan,55.34,-131.65,287.15,93,90,5.1,US,2020-08-22 20:12:46
633,Cape Town,-33.93,18.42,286.48,93,1,2.1,ZA,2020-08-22 20:12:46
634,Conde,-7.26,-34.91,299.15,78,75,6.7,BR,2020-08-22 20:12:47
635,Kutum,14.2,24.67,297.39,69,98,1.32,SD,2020-08-22 20:12:47
636,Yellowknife,62.46,-114.35,287.59,71,75,7.2,CA,2020-08-22 20:12:47
637,Victoria,22.29,114.16,300.93,74,20,1.44,HK,2020-08-22 20:08:12
638,Atar,20.52,-13.05,314.15,11,96,2.88,MR,2020-08-22 20:12:49
639,Codrington,-38.27,141.97,281.22,82,32,7.18,AU,2020-08-22 20:12:49
640,Constitucion,-35.33,-72.42,287.56,76,0,5.7,CL,2020-08-22 20:12:50
641,Luz,-19.8,-45.69,289.18,78,100,1.59,BR,2020-08-22 20:12:51
642,Matagami,49.75,-77.63,295.15,60,20,1.88,CA,2020-08-22 20:12:52
643,Vostok,46.49,135.88,283.52,91,100,1.6,RU,2020-08-22 20:12:52
644,Arraial Do Cabo,-22.97,-42.03,293.15,60,75,5.7,BR,2020-08-22 20:12:52
645,Otane,-39.88,176.63,280.37,95,93,0.89,NZ,2020-08-22 20:12:53
646,Tasiilaq,65.61,-37.64,282.15,59,20,4.6,GL,2020-08-22 20:11:05
647,Busselton,-33.65,115.33,283.15,85,69,5.01,AU,2020-08-22 20:12:54
648,Butaritari,3.07,172.79,301.36,63,100,2.56,KI,2020-08-22 20:12:54
649,Markova,48.68,24.41,292.15,93,0,1.5,UA,2020-08-22 20:12:55
650,Komsomolskiy,40.43,71.72,296.15,43,0,3.1,UZ,2020-08-22 20:12:57
651,Bengkulu,-3.8,102.27,297.43,89,74,1.92,ID,2020-08-22 20:12:57
652,Dunkwa,5.97,-1.78,296.39,90,53,2.09,GH,2020-08-22 20:12:58
653,Anuradhapura,8.36,80.42,298.41,83,94,3.28,LK,2020-08-22 20:12:58
654,Hilo,19.73,-155.09,301.15,69,20,2.6,US,2020-08-22 20:12:59
655,Esperance,-33.87,121.9,283.15,87,40,5.7,AU,2020-08-22 20:13:00
656,Roma,43.21,-75.46,301.15,58,20,4.6,US,2020-08-22 20:10:28
657,Hermanus,-34.42,19.23,287.59,85,4,0.89,ZA,2020-08-22 20:13:02
658,Zhob,31.34,69.45,299.47,61,2,2.96,PK,2020-08-22 20:09:19
659,Luderitz,-26.65,15.16,292.7,25,0,3.78,NA,2020-08-22 20:13:03
660,Falun,60.6,15.63,290.15,77,0,3.1,SE,2020-08-22 20:13:03
661,Ancud,-41.87,-73.82,286.48,87,40,7.2,CL,2020-08-22 20:13:04
662,Gao,16.64,1.64,307.96,35,41,1.77,ML,2020-08-22 20:13:04
663,Souillac,-20.52,57.52,294.15,88,75,5.7,MU,2020-08-22 20:13:05
664,Bethel,41.37,-73.41,306.48,40,1,3.6,US,2020-08-22 20:13:05
665,Lander,42.83,-108.73,305.15,14,1,2.6,US,2020-08-22 20:13:06
666,Berlevag,70.86,29.09,289.07,75,76,8.37,NO,2020-08-22 20:13:06
667,Tiksi,71.69,128.87,277.63,91,100,2.3,RU,2020-08-22 20:13:07
668,Pronsk,54.1,39.61,283.15,71,1,1.01,RU,2020-08-22 20:13:07
669,Bredasdorp,-34.53,20.04,287.15,82,0,5.1,ZA,2020-08-22 20:13:08
670,Colares,38.8,-9.45,294.26,72,20,8.2,PT,2020-08-22 20:13:09
671,Colac,-38.33,143.58,278.71,98,76,3.47,AU,2020-08-22 20:13:09
672,Dakar,14.69,-17.44,302.15,74,40,3.1,SN,2020-08-22 20:11:38
673,Lorengau,-2.02,147.27,299.93,78,61,0.72,PG,2020-08-22 20:13:10
674,Thompson,55.74,-97.86,282.15,81,90,3.6,CA,2020-08-22 20:08:35
675,Uruzgan,32.83,66.0,292.24,21,0,0.85,AF,2020-08-22 20:13:12
676,Pevek,69.7,170.31,276.61,98,100,2.41,RU,2020-08-22 20:13:12
677,Tual,-5.67,132.75,299.23,81,41,7.38,ID,2020-08-22 20:11:14
678,Coos Bay,43.37,-124.22,299.26,68,1,6.7,US,2020-08-22 20:13:13
679,Bataipora,-22.3,-53.27,290.53,67,1,1.79,BR,2020-08-22 20:13:14
680,New Norfolk,-42.78,147.06,279.82,91,100,0.89,AU,2020-08-22 20:13:14
681,Qasigiannguit,68.82,-51.19,280.15,65,0,2.1,GL,2020-08-22 20:13:15
682,Sao Filipe,14.9,-24.5,299.46,78,29,0.88,CV,2020-08-22 20:13:15
683,Klaksvik,62.23,-6.59,281.15,87,99,10.8,FO,2020-08-22 20:13:16
684,Tuktoyaktuk,69.45,-133.04,285.15,81,20,5.1,CA,2020-08-22 20:13:17
685,Georgetown,5.41,100.34,300.15,88,40,0.75,MY,2020-08-22 20:10:03
686,Broome,42.25,-75.83,303.15,42,20,1.5,US,2020-08-22 20:13:19
687,Vikulovo,56.82,70.61,283.53,97,47,2.95,RU,2020-08-22 20:13:19
688,Palmer,42.16,-72.33,304.82,51,75,3.6,US,2020-08-22 20:10:14
689,Lebu,-37.62,-73.65,285.09,75,0,5.03,CL,2020-08-22 20:13:20
690,Clarence Town,-32.58,151.78,283.15,66,71,9.8,AU,2020-08-22 20:13:21
691,Upernavik,72.79,-56.15,280.07,70,82,4.91,GL,2020-08-22 20:13:21
692,Mar Del Plata,-38.0,-57.56,289.15,31,0,7.2,AR,2020-08-22 20:13:20
693,Atuona,-9.8,-139.03,298.89,78,26,8.22,PF,2020-08-22 20:13:22
694,Camacha,33.08,-16.33,296.15,73,20,5.1,PT,2020-08-22 20:13:23
695,Qandala,11.47,49.87,304.78,53,51,1.83,SO,2020-08-22 20:13:24
696,Aitape,-3.14,142.35,298.85,84,25,1.45,PG,2020-08-22 20:13:24
697,Ilhabela,-23.78,-45.36,289.94,77,97,2.46,BR,2020-08-22 20:13:25
698,Ramos Arizpe,25.55,-100.97,304.15,35,40,4.1,MX,2020-08-22 20:13:25
699,Vagur,61.47,-6.81,283.55,81,100,8.78,FO,2020-08-22 20:13:26
700,Grootfontein,-19.57,18.12,286.17,42,0,2.7,NA,2020-08-22 20:13:26
701,Saint George,37.1,-113.58,311.48,30,1,2.1,US,2020-08-22 20:08:45
702,Benguela,-12.58,13.41,293.43,85,9,1.39,AO,2020-08-22 20:13:17
703,Svetlyy,54.67,20.13,293.15,94,75,2.0,RU,2020-08-22 20:13:28
704,Bealanana,-14.55,48.73,286.74,87,90,1.77,MG,2020-08-22 20:13:28
705,Hammerfest,70.66,23.68,291.15,77,48,12.9,NO,2020-08-22 20:13:29
706,Almansa,38.87,-1.1,300.37,65,0,0.89,ES,2020-08-22 20:13:29
707,Baberu,25.55,80.72,299.5,84,66,3.6,IN,2020-08-22 20:13:30
708,Turukhansk,65.82,87.98,286.5,95,100,1.13,RU,2020-08-22 20:13:30
709,Iqaluit,63.75,-68.51,282.15,70,20,3.6,CA,2020-08-22 20:11:23
710,Oranjestad,12.52,-70.03,303.15,79,40,4.1,AW,2020-08-22 20:13:31
711,Srednekolymsk,67.45,153.68,275.72,90,100,5.4,RU,2020-08-22 20:11:59
712,Cubarral,3.79,-73.84,301.15,58,40,2.1,CO,2020-08-22 20:13:32
713,Bandarbeyla,9.49,50.81,297.91,76,32,14.38,SO,2020-08-22 20:13:33
714,Palmerston,-12.49,130.98,295.15,88,0,1.29,AU,2020-08-22 20:10:07
715,Gobabis,-22.45,18.97,286.7,37,0,5.1,NA,2020-08-22 20:13:34
716,Bacolod,10.67,122.95,299.08,86,96,1.24,PH,2020-08-22 20:13:34
717,Dhidhdhoo,6.88,73.1,301.84,70,4,2.93,MV,2020-08-22 20:13:35
718,Dor Marunt,44.45,26.92,300.37,29,0,2.07,RO,2020-08-22 20:13:35
719,Tougue,11.47,-11.6,293.88,96,100,1.14,GN,2020-08-22 20:13:36
720,Pisco,-13.7,-76.22,290.93,82,75,3.6,PE,2020-08-22 20:13:37
721,Champerico,14.3,-91.92,300.15,88,75,4.1,GT,2020-08-22 20:13:37
722,Claveria,18.61,121.08,299.92,74,84,2.47,PH,2020-08-22 20:13:38
723,Cherskiy,68.75,161.3,276.4,94,100,9.14,RU,2020-08-22 20:10:21
724,Rocha,-34.48,-54.33,287.19,61,0,1.93,UY,2020-08-22 20:13:39
725,Olafsvik,64.89,-23.71,284.21,66,23,3.59,IS,2020-08-22 20:13:39
726,Mareeba,-17.0,145.43,287.15,87,28,0.68,AU,2020-08-22 20:13:40
727,Albany,42.6,-73.97,302.59,43,0,3.84,US,2020-08-22 20:13:40
728,Dingle,11.0,122.67,298.17,88,100,0.76,PH,2020-08-22 20:11:27
729,Yuzhou,34.16,113.46,296.15,94,90,1.0,CN,2020-08-22 20:13:42
730,Dongying,37.46,118.49,294.93,75,0,1.52,CN,2020-08-22 20:13:42
731,Khasan,42.43,130.64,291.25,93,94,2.37,RU,2020-08-22 20:13:43
732,Cermik,38.14,39.45,295.15,40,40,6.7,TR,2020-08-22 20:13:44
733,Merauke,-8.47,140.33,295.99,89,17,5.31,ID,2020-08-22 20:13:44
734,Kaeo,-35.1,173.78,283.71,3,4,2.44,NZ,2020-08-22 20:09:33
735,Quatre Cocos,-20.21,57.76,294.15,88,75,5.7,MU,2020-08-22 20:13:45
736,Dawson Creek,55.77,-120.24,289.15,51,20,8.7,CA,2020-08-22 20:13:46
737,Bambous Virieux,-20.34,57.76,294.15,88,75,5.7,MU,2020-08-22 20:13:46
738,Jiaojiang,28.68,121.44,299.82,61,0,1.65,CN,2020-08-22 20:13:47
739,Acajutla,13.59,-89.83,298.15,94,40,1.0,SV,2020-08-22 20:13:47
740,Leningradskiy,69.38,178.42,281.34,82,1,1.64,RU,2020-08-22 20:13:48
741,Kodiak,57.79,-152.41,292.15,59,20,1.5,US,2020-08-22 20:11:33
742,Northam,51.03,-4.22,289.26,87,21,8.05,GB,2020-08-22 20:13:49
743,Ossora,59.24,163.07,283.97,74,86,2.15,RU,2020-08-22 20:13:50
744,Salalah,17.02,54.09,298.15,100,90,2.1,OM,2020-08-22 20:13:50
745,Saint-Pierre,-21.34,55.48,292.15,63,0,3.1,RE,2020-08-22 20:13:51
746,Derzhavinsk,51.1,66.32,286.97,82,63,2.97,KZ,2020-08-22 20:13:52
747,Cabo San Lucas,22.89,-109.91,306.15,58,5,3.6,MX,2020-08-22 20:13:40
748,Beringovskiy,63.05,179.32,284.82,87,72,3.99,RU,2020-08-22 20:13:52
749,Maragogi,-9.01,-35.22,297.32,83,54,3.42,BR,2020-08-22 20:11:23
750,Vanimo,-2.67,141.3,298.78,83,29,1.68,PG,2020-08-22 20:13:53
751,Vila Franca Do Campo,37.72,-25.43,297.15,83,20,2.1,PT,2020-08-22 20:13:54
752,Kaitangata,-46.28,169.85,283.15,82,64,3.58,NZ,2020-08-22 20:13:54
753,Borogontsy,62.67,131.17,275.55,79,0,1.26,RU,2020-08-22 20:13:55
754,Namibe,-15.2,12.15,290.86,86,4,2.35,AO,2020-08-22 20:13:55
755,Tautira,-17.73,-149.15,299.15,69,40,1.5,PF,2020-08-22 20:09:03
756,Adrar,20.5,-10.07,313.48,8,16,2.93,MR,2020-08-22 20:13:57
757,Wewak,-3.55,143.63,299.53,82,9,2.68,PG,2020-08-22 20:13:57
758,Tripoli,32.88,13.19,300.06,68,0,4.41,LY,2020-08-22 20:10:35
759,Lucea,18.45,-78.17,304.15,66,20,4.6,JM,2020-08-22 20:13:58
760,Lillooet,50.69,-121.94,296.15,35,1,5.7,CA,2020-08-22 20:13:59
761,Kilimatinde,-5.85,34.95,290.87,60,22,1.47,TZ,2020-08-22 20:13:59
762,Cidreira,-30.18,-50.21,286.56,63,0,2.75,BR,2020-08-22 20:10:29
763,Samana,19.21,-69.34,303.15,89,75,4.1,DO,2020-08-22 20:14:00
764,Mandera,3.94,41.87,301.17,48,100,8.25,KE,2020-08-22 20:14:01
765,Port Lincoln,-34.73,135.87,283.14,72,82,5.33,AU,2020-08-22 20:14:02
766,Katsuura,35.13,140.3,298.71,89,100,0.45,JP,2020-08-22 20:14:02
767,Ukiah,39.15,-123.21,307.59,45,1,1.5,US,2020-08-22 20:11:48
768,Sujiatun,41.66,123.34,290.15,100,40,2.0,CN,2020-08-22 20:14:03
769,Lagoa,39.05,-27.98,295.77,79,55,4.24,PT,2020-08-22 20:14:04
770,Biak,-0.91,122.88,297.7,83,95,3.42,ID,2020-08-22 20:14:04
771,Trelew,-43.25,-65.31,294.2,22,0,4.04,AR,2020-08-22 20:10:39
772,Kloulklubed,7.04,134.26,297.15,94,75,1.67,PW,2020-08-22 20:14:05
773,Babstovo,48.12,132.48,286.91,83,100,1.51,RU,2020-08-22 20:14:06
774,Kirovskiy,45.09,133.51,285.16,90,97,2.12,RU,2020-08-22 20:14:06
775,Ribeira Grande,38.52,-28.7,297.15,73,75,2.1,PT,2020-08-22 20:14:07
776,Khuzhir,53.19,107.34,286.0,92,65,2.18,RU,2020-08-22 20:12:06
777,Bathsheba,13.22,-59.52,304.15,70,20,4.6,BB,2020-08-22 20:13:40
778,Allapalli,19.42,80.07,297.34,96,100,1.54,IN,2020-08-22 20:14:08
779,Morro Bay,35.37,-120.85,305.93,40,1,3.6,US,2020-08-22 20:14:09
780,Marawi,8.0,124.29,297.04,94,36,2.68,PH,2020-08-22 20:14:10
781,Nanakuli,21.39,-158.15,302.15,54,1,4.6,US,2020-08-22 20:14:10
782,Say,13.1,2.37,302.16,60,44,2.66,NE,2020-08-22 20:14:11
783,Acapulco,16.86,-99.89,303.15,74,75,2.1,MX,2020-08-22 20:11:05
784,Manokwari,-0.87,134.08,298.54,77,0,1.59,ID,2020-08-22 20:14:12
785,Puerto Penasco,31.32,-113.53,305.37,70,0,5.36,MX,2020-08-22 20:14:13
786,Lungi,9.22,-12.68,296.1,96,100,1.94,SL,2020-08-22 20:14:13
787,Anchorage,61.22,-149.9,292.15,52,40,1.2,US,2020-08-22 20:14:14
788,Upata,8.01,-62.4,305.37,63,3,1.34,VE,2020-08-22 20:14:14
789,Ust-Kuyga,70.02,135.6,277.4,93,100,1.35,RU,2020-08-22 20:14:15
790,Beisfjord,68.38,17.6,289.15,93,75,4.1,NO,2020-08-22 20:14:16
791,Xam Nua,20.42,104.04,292.08,94,99,0.73,LA,2020-08-22 20:14:16
792,Fairbanks,64.84,-147.72,294.82,59,40,2.6,US,2020-08-22 20:12:52
793,Doka,13.52,35.77,296.97,93,100,2.7,SD,2020-08-22 20:14:18
794,Vage,60.05,5.52,288.15,94,100,1.34,NO,2020-08-22 20:14:18
795,Faanui,-16.48,-151.75,298.16,80,2,11.06,PF,2020-08-22 20:14:19
796,Ostrovnoy,68.05,39.51,288.56,74,0,7.58,RU,2020-08-22 20:13:27
797,Ilulissat,69.22,-51.1,280.15,65,0,2.1,GL,2020-08-22 20:14:20
798,Pytalovo,57.07,27.91,291.93,76,100,6.0,RU,2020-08-22 20:14:20
799,Brejo,-3.68,-42.75,305.63,45,47,2.14,BR,2020-08-22 20:14:21
800,San Quintin,30.48,-115.95,299.71,66,0,5.3,MX,2020-08-22 20:14:22
801,Sokoni,-6.43,39.55,298.15,78,20,6.7,TZ,2020-08-22 20:14:22
802,Vestmannaeyjar,63.44,-20.27,284.65,75,22,1.76,IS,2020-08-22 20:14:23
803,Barentu,15.11,37.59,296.17,78,72,2.17,ER,2020-08-22 20:14:23
804,Jinji,23.23,110.83,298.58,89,28,1.21,CN,2020-08-22 20:14:24
805,Alofi,-19.06,-169.92,298.15,88,30,3.6,NU,2020-08-22 20:14:25
806,Hovd,48.01,91.64,287.56,55,94,0.54,MN,2020-08-22 20:14:25
807,Veraval,20.9,70.37,301.03,85,100,8.4,IN,2020-08-22 20:14:26
808,Nuuk,64.18,-51.72,279.15,93,75,2.6,GL,2020-08-22 20:14:27
809,Rabo De Peixe,37.8,-25.58,297.15,83,20,2.1,PT,2020-08-22 20:11:05
810,Sambava,-14.27,50.17,294.41,77,17,5.76,MG,2020-08-22 20:14:27
811,Nouadhibou,20.93,-17.03,297.15,78,0,7.7,MR,2020-08-22 20:13:05
812,Tromso,69.65,18.96,287.15,93,75,6.2,NO,2020-08-22 20:14:29
813,Kahului,20.89,-156.47,300.15,78,40,5.1,US,2020-08-22 20:14:29
814,Davidson,36.15,-86.78,302.04,65,40,2.6,US,2020-08-22 20:14:29
815,Laguna,38.42,-121.42,305.93,40,20,1.31,US,2020-08-22 20:14:30
816,Limoeiro Do Ajuru,-1.9,-49.38,305.38,53,0,1.2,BR,2020-08-22 20:14:31
817,Tulle,45.33,1.83,292.59,78,48,0.45,FR,2020-08-22 20:14:31
818,East London,-33.02,27.91,292.51,39,0,2.18,ZA,2020-08-22 20:10:52
819,Hami,42.8,93.45,297.9,26,0,0.74,CN,2020-08-22 20:14:32
820,Moindou,-21.69,165.68,291.15,93,90,1.0,NC,2020-08-22 20:14:32
821,Penzance,50.12,-5.54,289.26,77,10,8.7,GB,2020-08-22 20:14:33
822,Goma,-1.68,29.22,293.08,65,89,0.58,CD,2020-08-22 20:14:34
823,Longyearbyen,78.22,15.64,279.15,70,40,3.6,SJ,2020-08-22 20:14:34
824,Rafai,4.95,23.92,294.74,97,100,1.5,CF,2020-08-22 20:14:35
825,Pokhara,28.23,83.98,294.05,84,35,1.01,NP,2020-08-22 20:14:35
826,Kaniama,-7.57,24.18,297.0,36,8,1.32,CD,2020-08-22 20:14:36
827,Starkville,33.45,-88.82,301.15,54,90,2.78,US,2020-08-22 20:11:01
828,Beihai,21.48,109.1,301.42,81,45,1.88,CN,2020-08-22 20:14:37
829,Praia,14.92,-23.51,301.15,74,20,3.1,CV,2020-08-22 20:14:37
830,Karratha,-20.74,116.85,293.44,44,0,3.06,AU,2020-08-22 20:14:38
831,Sao Joao Da Barra,-21.64,-41.05,291.15,93,90,5.1,BR,2020-08-22 20:11:52
832,Saint-Joseph,-21.37,55.62,292.15,63,15,3.1,RE,2020-08-22 20:14:39
833,Sitka,57.05,-135.33,287.15,87,75,2.1,US,2020-08-22 20:14:39
834,Plettenberg Bay,-34.05,23.37,286.46,84,0,2.73,ZA,2020-08-22 20:14:40
835,Jiwani,25.05,61.74,301.36,84,86,2.98,PK,2020-08-22 20:14:40
836,Tolaga Bay,-38.37,178.3,285.01,76,100,2.01,NZ,2020-08-22 20:14:41
837,Chepareria,1.31,35.2,290.88,75,99,1.1,KE,2020-08-22 20:14:41
838,Paamiut,61.99,-49.67,279.49,94,45,4.46,GL,2020-08-22 20:14:42
839,Udachnyy,66.42,112.4,279.68,67,1,1.62,RU,2020-08-22 20:14:42
840,Ushtobe,45.25,77.98,293.78,25,99,1.67,KZ,2020-08-22 20:14:43
841,Kumba,4.64,9.45,295.62,96,100,0.94,CM,2020-08-22 20:14:43
842,Puerto Carreno,6.19,-67.49,302.15,66,40,4.1,CO,2020-08-22 20:14:44
843,Salta,-24.79,-65.41,291.15,15,7,4.6,AR,2020-08-22 20:14:44
844,Yar-Sale,66.83,70.83,282.93,93,0,4.73,RU,2020-08-22 20:14:45
845,Itajai,-26.91,-48.66,289.82,55,0,4.1,BR,2020-08-22 20:14:45
846,Sinnamary,5.38,-52.95,301.75,71,31,3.78,GF,2020-08-22 20:14:46
847,Shu,43.6,73.76,294.63,23,50,1.68,KZ,2020-08-22 20:14:46
848,Byron Bay,-28.65,153.62,283.15,46,0,3.1,AU,2020-08-22 20:14:47
849,Hasaki,35.73,140.83,298.15,94,75,2.6,JP,2020-08-22 20:14:47
850,Kovylkino,54.04,43.91,285.08,79,0,1.39,RU,2020-08-22 20:14:48
851,Barpathar,26.3,93.87,297.76,89,25,1.79,IN,2020-08-22 20:14:48
852,Te Anau,-45.42,167.72,278.57,88,100,0.46,NZ,2020-08-22 20:09:55
853,Prince Rupert,54.32,-130.32,288.15,82,75,6.7,CA,2020-08-22 20:14:49
854,Sabang,5.89,95.32,300.84,77,89,4.51,ID,2020-08-22 20:14:50
855,Westport,41.14,-73.36,304.26,58,1,4.6,US,2020-08-22 20:12:06
856,Ahipara,-35.17,173.17,286.12,90,18,3.22,NZ,2020-08-22 20:14:51
857,Asau,46.43,26.4,290.93,84,0,1.06,RO,2020-08-22 20:14:51
858,Honiara,-9.43,159.95,296.15,100,90,1.5,SB,2020-08-22 20:14:52
859,Valparaiso,-33.04,-71.63,284.82,100,90,6.2,CL,2020-08-22 20:13:35
860,Hay River,60.82,-115.8,287.15,82,75,4.6,CA,2020-08-22 20:14:53
861,Durusu,41.31,28.68,299.15,78,0,3.6,TR,2020-08-22 20:14:53
862,Carbondale,37.73,-89.22,303.15,51,75,1.5,US,2020-08-22 20:14:54
863,Coquimbo,-29.95,-71.34,284.15,81,90,3.6,CL,2020-08-22 20:14:54
864,Labuhan,-6.88,112.21,297.99,82,1,3.32,ID,2020-08-22 20:10:30
865,Rawson,-43.3,-65.1,292.51,26,0,4.15,AR,2020-08-22 20:14:55
866,Ormara,25.21,64.64,301.87,85,100,4.88,PK,2020-08-22 20:14:55
867,Gafanha Da Encarnacao,40.62,-8.73,294.26,85,0,4.02,PT,2020-08-22 20:14:56
868,Goure,13.98,10.27,301.48,63,87,3.02,NE,2020-08-22 20:14:56
869,Mancio Lima,-7.61,-72.9,296.6,55,69,1.8,BR,2020-08-22 20:14:57
870,Wexford,52.33,-6.46,289.82,93,40,3.6,IE,2020-08-22 20:14:57
871,San Patricio,19.22,-104.7,305.15,75,75,5.1,MX,2020-08-22 20:14:58
872,Bay City,43.59,-83.89,304.82,42,1,4.6,US,2020-08-22 20:14:58
873,Ponta Do Sol,32.67,-17.1,297.15,69,40,7.2,PT,2020-08-22 20:14:59
874,Qaanaaq,77.48,-69.36,276.63,81,100,1.01,GL,2020-08-22 20:13:22
875,Kaitong,44.81,123.15,289.46,82,93,4.2,CN,2020-08-22 20:15:00
876,Gat,31.61,34.76,299.82,37,0,0.25,IL,2020-08-22 20:15:00
877,Touros,-5.2,-35.46,300.15,69,40,7.2,BR,2020-08-22 20:15:01
878,Yangjiang,21.85,111.97,298.89,84,0,0.55,CN,2020-08-22 20:15:01
879,Dubbo,-32.25,148.62,278.15,86,90,6.2,AU,2020-08-22 20:15:02
880,Sorland,67.67,12.69,286.99,91,100,8.32,NO,2020-08-22 20:11:04
881,Umm Lajj,25.02,37.27,302.0,63,0,2.73,SA,2020-08-22 20:15:03
882,Kupang,-10.17,123.58,295.16,75,0,1.93,ID,2020-08-22 20:15:03
883,Havre-Saint-Pierre,50.23,-63.6,290.15,63,1,6.7,CA,2020-08-22 20:15:04
884,Shimoda,34.67,138.95,294.82,93,100,0.82,JP,2020-08-22 20:15:04
885,Geraldton,-28.77,114.6,287.15,93,90,2.6,AU,2020-08-22 20:15:05
886,Carutapera,-1.2,-46.02,301.31,71,2,4.18,BR,2020-08-22 20:15:06
887,Port Hawkesbury,45.62,-61.35,295.37,49,1,5.1,CA,2020-08-22 20:15:06
888,Vao,-22.67,167.48,295.56,86,23,5.16,NC,2020-08-22 20:15:07
889,Chernyshevskiy,63.01,112.47,279.95,75,85,1.08,RU,2020-08-22 20:15:07
890,Margate,51.38,1.39,292.59,72,50,1.34,GB,2020-08-22 20:15:08
891,Bilma,18.69,12.92,308.78,30,57,2.46,NE,2020-08-22 20:15:08
892,Calabozo,8.92,-67.43,299.96,84,94,1.72,VE,2020-08-22 20:10:45
893,Yangambi,0.81,24.43,295.61,93,68,1.01,CD,2020-08-22 20:15:09
894,Chadiza,-14.07,32.44,287.87,74,1,3.7,ZM,2020-08-22 20:14:52
895,Brokopondo,4.75,-55.17,305.44,44,17,1.46,SR,2020-08-22 20:15:10
896,Dodge City,37.75,-100.02,305.93,38,1,7.7,US,2020-08-22 20:15:11
897,Sao Miguel Do Guama,-1.63,-47.48,303.71,59,19,3.75,BR,2020-08-22 20:14:14
898,Atbasar,51.8,68.33,285.23,91,0,3.15,KZ,2020-08-22 20:15:12
899,Edson,53.58,-116.44,293.15,37,20,5.7,CA,2020-08-22 20:15:12
900,Tateyama,34.98,139.87,299.82,89,100,0.45,JP,2020-08-22 20:15:13
901,Talnakh,69.49,88.4,287.15,67,32,6.0,RU,2020-08-22 20:15:13
902,Mbekenyera,-10.0,38.98,295.91,60,99,3.37,TZ,2020-08-22 20:15:14
903,Barrafranca,37.38,14.2,298.15,73,0,0.45,IT,2020-08-22 20:13:52
904,Najran,17.49,44.13,306.15,22,6,2.1,SA,2020-08-22 20:15:15
905,Bondo,3.81,23.69,294.77,97,100,0.98,CD,2020-08-22 20:15:15
906,Nianzishan,47.52,122.88,288.49,66,100,2.06,CN,2020-08-22 20:15:16
907,Torbay,47.67,-52.73,294.82,52,40,3.6,CA,2020-08-22 20:13:13
908,Ust-Kut,56.79,105.77,285.37,79,82,0.72,RU,2020-08-22 20:15:17
909,Edd,13.93,41.69,307.06,50,48,1.48,ER,2020-08-22 20:15:17
910,Milledgeville,33.08,-83.23,302.15,70,40,4.21,US,2020-08-22 20:15:18
911,Clive,41.6,-93.72,304.26,54,90,5.1,US,2020-08-22 20:15:18
912,Ixtapa,20.7,-105.2,305.37,74,75,4.1,MX,2020-08-22 20:12:31
913,Fortuna,40.6,-124.16,291.48,82,20,5.1,US,2020-08-22 20:15:19
914,Tervel,43.75,27.4,300.37,61,0,0.89,BG,2020-08-22 20:15:20
915,Tuatapere,-46.13,167.68,277.59,98,100,0.45,NZ,2020-08-22 20:10:23
916,Hailun,47.45,126.93,286.39,82,100,3.1,CN,2020-08-22 20:15:21
917,Challapata,-18.9,-66.77,285.84,28,9,4.84,BO,2020-08-22 20:15:21
918,Pauini,-7.71,-66.98,303.48,31,0,1.72,BR,2020-08-22 20:15:22
919,Dunedin,-45.87,170.5,282.04,94,53,0.89,NZ,2020-08-22 20:10:32
920,Saint Anthony,45.02,-93.22,302.04,61,75,2.1,US,2020-08-22 20:12:32
921,Ballina,-28.87,153.57,284.15,46,0,3.1,AU,2020-08-22 20:15:23
922,Richards Bay,-28.78,32.04,291.83,69,0,5.81,ZA,2020-08-22 20:15:24
923,Broken Hill,-31.95,141.43,277.15,86,5,4.1,AU,2020-08-22 20:15:24
924,Viransehir,37.24,39.76,298.8,31,0,5.22,TR,2020-08-22 20:15:25
925,Kalaleh,37.38,55.49,298.15,83,52,3.1,IR,2020-08-22 20:15:25
926,Karatau,43.17,70.47,292.45,26,1,0.44,KZ,2020-08-22 20:15:26
927,Tingo Maria,-9.29,-76.01,299.15,65,40,2.6,PE,2020-08-22 20:15:26
928,Aqtobe,50.28,57.21,288.15,62,50,3.0,KZ,2020-08-22 20:11:59
929,Los Llanos De Aridane,28.66,-17.92,297.15,83,5,7.2,ES,2020-08-22 20:15:27
930,Wattegama,6.8,81.48,298.26,79,71,2.74,LK,2020-08-22 20:15:28
931,Show Low,34.25,-110.03,305.15,18,1,2.6,US,2020-08-22 20:15:28
932,Lakatoro,-16.1,167.42,297.15,88,20,2.1,VU,2020-08-22 20:15:29
933,Yarmouth,41.71,-70.23,300.93,65,1,3.6,US,2020-08-22 20:15:29
934,Oranjemund,-28.55,16.43,289.69,44,0,3.93,NA,2020-08-22 20:15:30
935,Baisha,26.52,110.93,297.29,84,76,0.9,CN,2020-08-22 20:15:30
936,Dwarka,22.24,68.97,301.44,88,100,7.6,IN,2020-08-22 20:15:31
937,Nantucket,41.28,-70.1,298.15,78,1,4.6,US,2020-08-22 20:15:03
938,Coahuayana,18.73,-103.68,300.15,83,75,2.79,MX,2020-08-22 20:15:32
939,Vila Velha,-20.33,-40.29,291.15,93,90,7.2,BR,2020-08-22 20:15:33
940,Maldonado,-34.67,-54.92,288.15,44,0,4.6,UY,2020-08-22 20:13:45
941,Breytovo,58.3,37.86,290.02,79,100,2.92,RU,2020-08-22 20:15:34
942,Kribi,2.95,9.92,298.09,89,79,4.24,CM,2020-08-22 20:15:34
943,Kavaratti,10.57,72.64,301.21,77,60,4.9,IN,2020-08-22 20:11:34
944,Bereda,43.27,-7.54,290.93,83,10,2.68,ES,2020-08-22 20:15:35
945,Iguape,-24.71,-47.56,288.13,84,100,6.1,BR,2020-08-22 20:15:36
946,Bireun,5.2,96.7,298.19,83,93,2.09,ID,2020-08-22 20:15:36
947,Changji,44.02,87.32,296.15,33,6,2.0,CN,2020-08-22 20:15:37
948,Techiman,7.59,-1.94,295.02,93,4,1.47,GH,2020-08-22 20:15:38
949,Conceicao Do Araguaia,-8.26,-49.26,309.66,21,45,2.75,BR,2020-08-22 20:15:38
950,Abha,18.22,42.51,295.15,83,3,1.5,SA,2020-08-22 20:15:39
951,Eureka,40.8,-124.16,294.82,13,4,0.89,US,2020-08-22 20:15:39
952,Yilan,24.76,121.75,300.93,88,75,5.7,TW,2020-08-22 20:15:40
953,Samarai,-10.62,150.67,297.5,76,96,5.39,PG,2020-08-22 20:15:40
954,Ambon,-3.7,128.18,297.15,100,40,1.5,ID,2020-08-22 20:12:15
955,High Level,58.52,-117.14,287.15,93,90,5.7,CA,2020-08-22 20:15:41
956,Balkanabat,39.51,54.37,298.78,53,73,2.36,TM,2020-08-22 20:15:42
957,Pangkalanbuun,-2.68,111.62,297.27,96,99,1.06,ID,2020-08-22 20:15:42
958,Vardo,70.37,31.11,288.46,77,77,9.06,NO,2020-08-22 20:15:43
959,Apac,1.98,32.54,292.41,89,17,0.85,UG,2020-08-22 20:15:43
960,Ilo,-17.64,-71.34,289.52,74,52,2.65,PE,2020-08-22 20:15:44
961,Barcelos,41.54,-8.62,293.15,82,4,4.6,PT,2020-08-22 20:15:44
962,Bermejo,-32.88,-68.8,291.15,9,0,5.1,AR,2020-08-22 20:15:45
963,Tilichiki,60.47,166.1,281.98,88,100,1.04,RU,2020-08-22 20:15:45
964,Bubaque,11.28,-15.83,300.17,82,36,3.89,GW,2020-08-22 20:10:52
965,Marrakesh,31.63,-8.01,308.15,20,75,3.6,MA,2020-08-22 20:15:46
966,Boende,-0.22,20.87,296.62,90,100,0.63,CD,2020-08-22 20:15:47
967,Burns Lake,54.23,-125.75,288.49,52,82,6.58,CA,2020-08-22 20:15:47
968,Pangody,65.85,74.49,285.41,88,100,6.41,RU,2020-08-22 20:15:48
969,Takoradi,4.88,-1.76,297.2,89,20,3.36,GH,2020-08-22 20:15:49
970,Manacapuru,-3.3,-60.62,301.15,58,0,3.1,BR,2020-08-22 20:15:49
971,Sobolevo,54.43,31.9,286.7,89,34,2.27,RU,2020-08-22 20:15:50
972,Lavrentiya,65.58,-171.0,280.99,95,100,3.2,RU,2020-08-22 20:15:51
973,Maniitsoq,65.42,-52.9,282.99,80,45,5.08,GL,2020-08-22 20:15:51
974,Saldanha,-33.01,17.94,286.15,82,0,2.1,ZA,2020-08-22 20:15:51
975,San Andres,12.58,-81.7,302.15,83,40,2.1,CO,2020-08-22 20:14:49
976,Hibbing,47.43,-92.94,298.15,69,40,2.41,US,2020-08-22 20:15:52
977,Sri Aman,1.24,111.46,296.15,100,100,0.68,MY,2020-08-22 20:15:53
978,Brandon,27.94,-82.29,304.15,74,1,0.33,US,2020-08-22 20:14:00
979,Seoul,37.57,126.98,296.15,100,90,0.75,KR,2020-08-22 20:15:54
980,Namatanai,-3.67,152.43,299.16,81,65,1.97,PG,2020-08-22 20:15:55
981,Nyurba,63.28,118.33,277.78,78,0,1.68,RU,2020-08-22 20:15:55
982,Husavik,66.04,-17.34,283.15,71,0,5.1,IS,2020-08-22 20:15:56
983,Norman Wells,65.28,-126.83,290.15,63,40,5.1,CA,2020-08-22 20:15:56
984,Ulaanbaatar,47.91,106.88,281.15,87,0,0.84,MN,2020-08-22 20:15:57
985,High River,50.58,-113.87,298.71,30,0,0.89,CA,2020-08-22 20:15:57
986,Viedma,-40.81,-63.0,294.82,20,0,5.36,AR,2020-08-22 20:15:58
987,Shingu,33.73,135.98,296.82,88,91,1.95,JP,2020-08-22 20:15:58
988,Alice Springs,-23.7,133.88,279.15,52,0,2.22,AU,2020-08-22 20:15:59
989,Mariental,-24.63,17.97,289.63,28,0,5.52,NA,2020-08-22 20:15:59
990,Catia La Mar,10.6,-67.03,302.34,68,99,1.29,VE,2020-08-22 20:16:00
991,Rio Grande,-32.03,-52.1,290.15,36,0,3.6,BR,2020-08-22 20:16:00
992,Road Town,18.42,-64.62,302.15,79,40,9.3,VG,2020-08-22 20:16:01
993,College,64.86,-147.8,294.82,59,40,2.6,US,2020-08-22 20:16:01
994,Melbourne,28.08,-80.61,305.93,74,1,6.7,US,2020-08-22 20:11:50
995,Maroantsetra,-15.43,49.73,293.13,80,68,1.83,MG,2020-08-22 20:16:02
996,Neuquen,-38.95,-68.06,295.15,26,0,1.5,AR,2020-08-22 20:12:56
997,Tucuma,-0.18,-50.05,303.27,68,5,3.85,BR,2020-08-22 20:15:06
998,Port-Gentil,-0.72,8.78,298.15,78,75,6.82,GA,2020-08-22 20:16:04
999,Shenjiamen,29.96,122.3,299.67,86,0,2.03,CN,2020-08-22 20:16:04
1000,Payo,-3.75,103.64,296.62,84,62,0.98,ID,2020-08-22 20:16:05
1001,Jibuti,11.5,42.5,309.15,34,20,4.0,DJ,2020-08-22 20:16:05
1002,Harper,4.38,-7.72,297.59,88,77,5.17,LR,2020-08-22 20:16:06
1003,Yulara,-25.24,130.99,283.15,46,0,2.6,AU,2020-08-22 20:16:06
1004,Pinawa,50.15,-95.88,296.85,77,73,2.38,CA,2020-08-22 20:16:07
1005,Puerto Leguizamo,-0.19,-74.78,298.92,69,80,2.16,CO,2020-08-22 20:16:07
1006,Ouesso,1.61,16.05,296.54,86,100,0.74,CG,2020-08-22 20:16:08
1007,Saint-Augustin,51.23,-58.65,291.14,64,96,1.89,CA,2020-08-22 20:16:08
1008,Elizabeth City,36.29,-76.25,305.15,62,20,3.1,US,2020-08-22 20:14:19
1009,Lima,-12.04,-77.03,290.15,72,90,5.7,PE,2020-08-22 20:15:38
1010,Bulembu,-25.97,31.13,285.15,62,0,4.6,SZ,2020-08-22 20:16:10
1011,Jaen,38.0,-3.5,302.59,36,0,2.84,ES,2020-08-22 20:16:10
1012,Miramar,25.99,-80.23,306.48,59,20,6.2,US,2020-08-22 20:16:11
1013,Acarau,-2.89,-40.12,300.33,69,6,8.17,BR,2020-08-22 20:16:12
1014,Bayanday,53.07,105.51,282.82,92,35,1.22,RU,2020-08-22 20:16:12
1015,Burriana,39.89,-0.09,300.93,79,0,1.21,ES,2020-08-22 20:16:13
1016,Mumford,5.26,-0.76,296.87,90,0,4.64,GH,2020-08-22 20:16:14
1017,Sawakin,19.11,37.33,305.44,57,0,3.07,SD,2020-08-22 20:16:14
1018,Kendari,-3.94,122.5,294.63,93,100,1.03,ID,2020-08-22 20:16:14
1019,Antofagasta,-23.65,-70.4,288.15,67,20,5.7,CL,2020-08-22 20:16:15
1020,Nome,64.5,-165.41,285.37,93,90,3.1,US,2020-08-22 20:16:15
1021,Davila,18.47,120.58,300.75,77,97,6.92,PH,2020-08-22 20:16:16
1022,Ulagan,50.63,87.96,280.11,74,43,1.1,RU,2020-08-22 20:16:17
1023,Skibbereen,51.55,-9.27,288.15,87,75,5.7,IE,2020-08-22 20:16:17
1024,Kashi,39.45,75.98,294.83,28,0,1.96,CN,2020-08-22 20:16:17
1025,Itarema,-2.92,-39.92,300.08,69,0,7.34,BR,2020-08-22 20:16:18
1026,Aykhal,66.0,111.5,279.15,76,2,1.81,RU,2020-08-22 20:16:18
1027,Jining,35.41,116.58,295.25,95,26,1.49,CN,2020-08-22 20:16:19
1028,Dourados,-22.22,-54.81,289.99,60,0,3.16,BR,2020-08-22 20:16:19
1029,Pathalgaon,22.57,83.47,296.25,94,100,1.48,IN,2020-08-22 20:16:20
1030,Jacareacanga,-6.22,-57.75,309.88,20,0,0.59,BR,2020-08-22 20:16:20
1031,Alta Floresta,-9.88,-56.09,310.06,16,0,0.95,BR,2020-08-22 20:16:21
1032,Jieshou,33.26,115.36,295.93,97,0,1.77,CN,2020-08-22 20:16:21
1033,Birao,10.28,22.79,296.08,95,48,2.57,CF,2020-08-22 20:16:22
1034,Senovo,46.02,15.48,298.15,83,0,0.5,SI,2020-08-22 20:16:22
1035,Hudson Bay,52.85,-102.38,292.27,73,92,5.25,CA,2020-08-22 20:16:23
1036,Minab,27.15,57.08,304.15,74,36,1.5,IR,2020-08-22 20:16:23
1037,Muskegon,43.3,-86.13,302.15,42,1,5.1,US,2020-08-22 20:11:41
1038,Tiznit,29.58,-9.5,305.45,27,73,0.57,MA,2020-08-22 20:16:24
1039,Mogadishu,2.04,45.34,297.81,83,20,7.53,SO,2020-08-22 20:12:25
1040,Kyabram,-36.32,145.05,280.37,92,20,0.89,AU,2020-08-22 20:16:26
1041,Fukue,32.69,128.84,301.84,71,67,1.31,JP,2020-08-22 20:16:26
1042,Mercogliano,40.92,14.74,299.82,32,0,1.0,IT,2020-08-22 20:16:27
1043,Kitahiroshima,42.98,141.57,290.93,98,5,1.46,JP,2020-08-22 20:16:27
1044,Almaznyy,48.04,40.05,292.15,42,0,4.0,RU,2020-08-22 20:16:28
1045,Xai-Xai,-25.05,33.64,289.35,91,0,2.71,MZ,2020-08-22 20:16:28
1046,Navsari,20.95,72.93,299.89,88,100,6.64,IN,2020-08-22 20:14:50
1047,Mizdah,31.45,12.98,297.36,44,0,4.81,LY,2020-08-22 20:16:29
1048,Mao,39.89,4.27,298.15,83,20,3.6,ES,2020-08-22 20:12:14
1049,Jalingo,8.88,11.37,297.69,87,99,1.04,NG,2020-08-22 20:16:30
1050,Gurun,5.82,100.47,299.15,88,40,0.73,MY,2020-08-22 20:16:31
1051,Makinsk,52.63,70.42,283.62,92,0,2.61,KZ,2020-08-22 20:16:31
1052,Loreto,22.27,-101.97,298.97,32,97,6.43,MX,2020-08-22 20:16:32
1053,Sault Sainte Marie,46.52,-84.33,297.15,73,75,1.5,CA,2020-08-22 20:16:32
1054,Kolokani,13.57,-8.03,296.85,90,100,2.58,ML,2020-08-22 20:16:33
1055,Murray Bridge,-35.12,139.27,280.37,91,12,1.79,AU,2020-08-22 20:16:33
1056,Pafos,34.77,32.42,298.15,53,0,2.6,CY,2020-08-22 20:16:34
1057,Sungaipenuh,-2.08,101.38,291.17,94,94,1.05,ID,2020-08-22 20:16:35
1058,Ziarat,30.38,67.73,291.12,81,1,1.05,PK,2020-08-22 20:16:35
1059,Sola,-13.88,167.55,299.98,84,100,8.43,VU,2020-08-22 20:16:36
1060,Cairns,-16.92,145.77,287.15,87,5,2.54,AU,2020-08-22 20:16:16
1061,Aklavik,68.22,-135.01,284.15,93,90,2.1,CA,2020-08-22 20:16:38
1062,Hornepayne,49.21,-84.77,297.99,45,98,0.39,CA,2020-08-22 20:16:38
1063,Evensk,61.95,159.23,280.43,72,100,4.52,RU,2020-08-22 20:16:39
1064,Sao Gabriel Da Cachoeira,-0.13,-67.09,294.15,88,90,3.6,BR,2020-08-22 20:16:39
1065,Okhotsk,59.38,143.3,284.13,61,83,4.19,RU,2020-08-22 20:16:40
1066,Dubai,25.26,55.3,307.15,59,100,6.2,AE,2020-08-22 20:16:41
1067,Iquitos,-3.75,-73.25,293.15,77,90,2.6,PE,2020-08-22 20:16:41
1068,Kostomuksha,64.57,30.58,288.97,71,100,5.2,RU,2020-08-22 20:16:42
1069,La Ronge,55.1,-105.28,289.15,82,90,7.7,CA,2020-08-22 20:16:42
1070,Yozgat,39.58,35.33,285.12,69,0,1.99,TR,2020-08-22 20:15:05
1071,Panji,-7.73,114.1,297.18,70,0,1.77,ID,2020-08-22 20:16:44
1072,Balao,-2.92,-79.82,296.15,88,90,3.6,EC,2020-08-22 20:16:44
1073,Tomatlan,19.93,-105.25,305.18,66,49,3.88,MX,2020-08-22 20:16:45
1074,Lamar,33.67,-95.58,308.15,43,1,2.6,US,2020-08-22 20:16:45
1075,Bilibino,68.05,166.44,278.15,89,100,1.7,RU,2020-08-22 20:16:46
1076,Salinopolis,-0.61,-47.36,301.09,75,0,4.68,BR,2020-08-22 20:16:47
1077,Le Mars,42.79,-96.17,306.48,49,0,1.34,US,2020-08-22 20:16:47
1078,Arlit,18.74,7.39,310.72,24,91,4.05,NE,2020-08-22 20:16:48
1079,Naze,28.37,129.48,302.15,83,100,1.5,JP,2020-08-22 20:14:32
1080,Dongsheng,39.82,109.98,292.13,84,98,6.16,CN,2020-08-22 20:16:49
1081,Kisangani,0.52,25.2,295.81,93,35,1.13,CD,2020-08-22 20:16:49
1082,Lamu,-2.27,40.9,297.71,80,23,7.82,KE,2020-08-22 20:15:00
1083,Bethlehem,-1.46,-48.5,304.15,70,75,4.1,BR,2020-08-22 20:16:51
1084,Xiaoweizhai,26.19,107.51,293.38,93,21,1.33,CN,2020-08-22 20:16:51
1085,Nioro,13.35,-15.75,299.25,85,55,3.14,GM,2020-08-22 20:16:52
1086,Mahendragarh,28.28,76.15,301.29,76,2,4.46,IN,2020-08-22 20:16:52
1087,Goderich,43.75,-81.72,300.37,76,19,1.93,CA,2020-08-22 20:16:53
1088,Panzhihua,26.59,101.71,294.0,81,0,0.26,CN,2020-08-22 20:16:53
1089,Durban,-29.86,31.03,287.04,87,0,1.0,ZA,2020-08-22 20:16:54
1090,Mehamn,71.04,27.85,289.26,75,66,7.15,NO,2020-08-22 20:16:55
1091,Iregszemcse,46.69,18.19,299.26,56,0,0.89,HU,2020-08-22 20:16:55
1092,Pandan,14.05,124.17,300.03,81,100,1.89,PH,2020-08-22 20:16:56
1093,Bardiyah,31.76,25.09,297.65,75,0,4.12,LY,2020-08-22 20:16:56
1094,Mugur-Aksy,50.35,90.5,278.64,67,9,1.09,RU,2020-08-22 20:16:57
1095,Caravelas,-17.71,-39.25,295.05,74,100,5.37,BR,2020-08-22 20:16:57
1096,Cap-Aux-Meules,47.38,-61.86,293.15,60,20,5.7,CA,2020-08-22 20:16:58
1097,Mount Isa,-20.73,139.5,287.15,46,7,5.7,AU,2020-08-22 20:16:58
1098,Hofn,64.25,-15.21,283.63,67,79,2.11,IS,2020-08-22 20:13:28
1099,Woodward,36.43,-99.39,308.71,28,1,3.6,US,2020-08-22 20:16:59
1100,Rondonopolis,-16.47,-54.64,300.66,31,46,4.6,BR,2020-08-22 20:16:59
1101,Hit,33.64,42.83,304.2,22,0,5.12,IQ,2020-08-22 20:17:00
1102,Isangel,-19.55,169.27,296.8,84,10,5.15,VU,2020-08-22 20:16:25
1103,Bloomsburg,41.0,-76.45,306.48,36,0,0.45,US,2020-08-22 20:13:17
1104,Vilyuysk,63.76,121.62,277.11,79,0,2.05,RU,2020-08-22 20:17:01
1105,Uusikaupunki,60.8,21.41,292.15,93,75,3.6,FI,2020-08-22 20:17:02
